mpn,manufacturer,description,electrical_spec,physical_package,footprint,qty_base,qty_bios_variant,qty_reserve_variant,qty_bios_and_reserve_variant,qty_base_psram_dnp_variant,qty_bios_psram_dnp_variant,qty_reserve_psram_dnp_variant,qty_bios_and_reserve_psram_dnp_variant,refs_base,refs_bios_only,refs_reserve_only,refs_base_only,refs_psram_only,refs_all,assembly_method,lcsc_code,sourcing_status,supplier_identity_url,jlc_assembly_status,jlc_assembly_url,jlc_pcba_type,jlc_fixture_notice,manufacturer_source_urls,spec_review_status,notes
046701.5NR,Littelfuse,1.5A fast fuse,1.5A fast fuse,"Littelfuse 467-series SMT fuse, 0603 imperial / 1608 metric",Fuse:Fuse_0603_1608Metric,1,1,1,1,1,1,1,1,F20,,,,,F20,PCB SMT; assembler acceptance pending,C99559,catalog_identity_verified_assembly_pending,https://www.lcsc.com/product-detail/C99559.html,jlc_smt_catalog_verified_order_acceptance_pending,https://jlcpcb.com/partdetail/Littelfuse-0467015NR/C99559,Economic and Standard,,https://www.littelfuse.com/assetdocs/fuse-467-datasheet?assetguid=4a59f034-1cca-460e-a5ba-e1e66247c76d,Exact circuit MPN selected; procurement and operating qualification pending,Exact NR suffix retained. Separate halogen-free NRHF supplier listing is not selected.
100010048,Seeed Studio,XIAO ESP32-C5 USB removed,Seeed Studio XIAO ESP32C5 assembled radio module,"Seeed Studio XIAO ESP32C5 module, 21 x 17.8 mm; modified manual installation",,1,1,1,1,1,1,1,1,U206,,,,,U206,Manual offboard installation; excluded from carrier SMT placement,,sourcing_pending,,manual_purchase_not_carrier_smt,,,,https://www.seeedstudio.com/Seeed-Studio-XIAO-ESP32C5-p-6609.html | https://files.seeedstudio.com/wiki/XIAO_ESP32C5/res/Seeed_Studio_XIAO_ESP32C5.zip | https://wiki.seeedstudio.com/xiao_esp32c5_wifi_usage/,Official maker SKU/package and board connection sources reviewed; modified-module qualification pending,"Manual module purchase. Remove USB connector and factory header protrusions according to fixture plan; no battery. Underside recovery pads use spring contacts. Removal/height/RF/mechanical verification pending. Manufacturer Wi-Fi instructions confirm a supplied external FPC antenna and U.FL connection. Use that included antenna outside the metal shield; installed cable route, bend/strain relief and dual-band RF qualification remain open. No separate unverified antenna purchase is added."
1040310811,Molex,microSD push-pull 1.42mm,microSD push-pull 1.42mm,"Molex 104031-0811 SMT microSD socket, 1.42 mm maximum height",Connector_Card:microSD_HC_Molex_104031-0811,1,1,1,1,1,1,1,1,J201,,,,,J201,PCB SMT; assembler acceptance pending,C585350,catalog_identity_verified_assembly_pending,https://www.lcsc.com/product-detail/C585350.html,jlc_smt_catalog_verified_order_acceptance_pending,https://jlcpcb.com/partdetail/MOLEX-1040310811/C585350,Economic and Standard,,https://www.molex.com/content/dam/molex/molex-dot-com/products/automated/en-us/salesdrawingpdf/104/104031/1040310811_sd.pdf | https://www.molex.com/en-us/products/part-detail/1040310811,Exact circuit MPN selected; procurement and operating qualification pending,
"2N7002,215",Nexperia,C5 recovery pull-down,"Nexperia 2N7002 N-channel MOSFET, SOT23, tape code 215",SOT-23,Package_TO_SOT_SMD:SOT-23,2,2,2,2,2,2,2,2,"Q201,Q202",,,,,"Q201,Q202",PCB SMT; assembler acceptance pending,C65189,catalog_identity_verified_assembly_pending,https://www.lcsc.com/product-detail/C65189.html,jlc_smt_catalog_verified_order_acceptance_pending,"https://jlcpcb.com/partdetail/2N7002,215/C65189",Economic and Standard,,https://assets.nexperia.com/documents/data-sheet/2N7002.pdf,Manufacturer exact ordering code and physical pinout reviewed; circuit bench qualification pending,"Exact Nexperia part, gate1/source2/drain3. C5 recovery sink only; logic-level pull-down behavior at actual MCU drive must be bench checked."
7201SYZBE,C&K,STOCK_RECOVERY / CUSTOM (OFFBOARD),Gold-contact DPDT ON-ON physical stock/custom selector,"C&K 7000-series DPDT ON-ON panel toggle, offboard solder-lug termination",,0,1,0,1,0,1,0,1,,SW40,,,,SW40,Manual offboard installation; excluded from carrier SMT placement,,sourcing_pending,,manual_purchase_not_carrier_smt,,,,https://www.ckswitches.com/media/1394/7000toggle.pdf,Exact circuit MPN selected; procurement and operating qualification pending,Optional offboard installation; always change with whole console powered off. Stock CE path is physical and independent of MCU/FPGA. Remove R410 before populated selector connection.
ABM8-272-T3,Abracon,12MHz,"12 MHz crystal, CL10 pF, 3.2 x 2.5 x 0.8 mm, four pad",Crystal SMD 3225-4Pin 3.2x2.5mm,Crystal:Crystal_SMD_3225-4Pin_3.2x2.5mm,1,1,1,1,1,1,1,1,X201,,,,,X201,PCB SMT; assembler acceptance pending,C20625731,catalog_identity_verified_assembly_pending,https://www.lcsc.com/product-detail/C20625731.html,jlc_smt_catalog_verified_order_acceptance_pending,https://jlcpcb.com/partdetail/AbraconLLC-ABM8_272T3/C20625731,Economic and Standard,,https://pip-assets.raspberrypi.com/categories/1214-rp2350/documents/RP-008280-DS-1-hardware-design-with-rp2350.pdf | https://datasheet.lcsc.com/datasheet/pdf/d5520a242c89eeaef42f6496027f72da.pdf?productCode=C20625731,Manufacturer ABM8-272-T3 drawing and exact supplier nominal/package reviewed; oscillator margin qualification pending,
AOTA-B201610S3R3-101-T,Abracon,3.3uH,3.3 uH +/-20%; DCR 115 mOhm typical / 140 mOhm maximum; marked winding orientation,"Marked shielded SMT inductor, 2.0 x 1.6 x 1.0 mm",KUI_Footprints:AOTA-B201610S3R3-101-T,1,1,1,1,1,1,1,1,L201,,,,,L201,PCB SMT; assembler acceptance pending,C42411119,catalog_identity_verified_assembly_pending,https://www.lcsc.com/product-detail/C42411119.html,jlc_smt_catalog_verified_order_acceptance_pending,https://jlcpcb.com/partdetail/AbraconLlc-AOTA_B201610S3R3_101T/C42411119,Economic and Standard,,https://abracon.com/datasheets/AOTA-B201610S3R3-101-T.pdf,Manufacturer electrical/package table reviewed; RP235x-approved part; operating qualification pending,Preserve RP235x reference winding polarity. Isat table lists 2.8 A typical and 2.4 A in Max column (30% L drop); Irms 2.3 A typical and 2.1 A in Max column (40 C rise). These labels are not a guaranteed minimum-current claim. Catalog availability is not reserved.
APS6404L-3SQR-ZR,AP Memory,8MiB QSPI PSRAM,"64 Mbit QSPI PSRAM, 3.3 V grade, ZR USON-8L","USON-8L ZR, 3 x 2 mm, 0.5 mm maximum height, 0.5 mm pitch",KUI_Footprints:APS6404L_USON8_3x2_P0.5,1,1,1,1,0,0,0,0,U203,,,,U203,U203,PCB SMT; assembler acceptance pending,C3040877,catalog_identity_verified_assembly_pending,https://www.lcsc.com/product-detail/C3040877.html,jlc_smt_catalog_verified_order_acceptance_pending,https://jlcpcb.com/partdetail/APMEMORY-APS6404L_3SQRZR/C3040877,Economic and Standard,,https://www.apmemory.com/en/downloadFiles/032411212009597427,Exact circuit MPN selected; procurement and operating qualification pending,Retain ZR 3 x 2 mm package. No fabricated center-pad terminal; all eight actual pins in physical contract.
ASE-50.000MHZ-LC-T,Abracon,50MHz 3.3V,"50 MHz 3.3 V CMOS oscillator, SMD 3.2 x 2.5 mm",Oscillator SMD Abracon ASE-4Pin 3.2x2.5mm,Oscillator:Oscillator_SMD_Abracon_ASE-4Pin_3.2x2.5mm,1,1,1,1,1,1,1,1,X10,,,,,X10,PCB SMT; assembler acceptance pending,C596955,catalog_identity_verified_assembly_pending,https://www.lcsc.com/product-detail/C596955.html,jlc_smt_catalog_verified_fixture_agreement_pending,https://jlcpcb.com/partdetail/AbraconLLC-ASE_50_000MHZ_LCT/C596955,Economic and Standard,explicit_fixture_requirement,https://abracon.com/Oscillators/ASEseries.pdf,Exact circuit MPN selected; procurement and operating qualification pending,JLC exact part page explicitly requires a PCB assembly fixture to protect/support the part; obtain assembler fixture agreement before order release.
CC0603KRX7R9BB104,Yageo,100nF,"100 nF +/-10%, 50 V, X7R, 0603; 0.9 mm maximum height",0603 imperial / 1608 metric SMT chip,Capacitor_SMD:C_0603_1608Metric,0,6,0,6,0,6,0,6,,"C400,C402,C403,C404,C405,C406",,,,"C400,C402,C403,C404,C405,C406",PCB SMT; assembler acceptance pending,,sourcing_pending,,jlc_assembly_identity_pending,,,,https://yageogroup.com/component-documentation/download/specsheet/CC0603KRX7R9BB104,Yageo exact manufacturer specification reviewed; operating qualification pending,
CL05B103KB5NNNC,Samsung Electro-Mechanics,10nF,"10 nF +/-10%, 50 V, X7R, 0402; 0.55 mm maximum height",0402 imperial / 1005 metric SMT chip,Capacitor_SMD:C_0402_1005Metric,1,1,1,1,1,1,1,1,C119,,,,,C119,PCB SMT; assembler acceptance pending,C15195,catalog_identity_verified_assembly_pending,https://www.lcsc.com/product-detail/C15195.html,jlc_smt_catalog_verified_order_acceptance_pending,https://jlcpcb.com/partdetail/C15195,Economic and Standard,,https://product.samsungsem.com/mlcc/CL05B103KB5NNN.do,Samsung exact NC packaging variant and nominal specification reviewed; operating qualification pending,
CL05B104KO5NNNC,Samsung Electro-Mechanics,100nF,"100 nF +/-10%, 16 V, X7R, 0402; 0.55 mm maximum height",0402 imperial / 1005 metric SMT chip,Capacitor_SMD:C_0402_1005Metric,11,11,11,11,11,11,11,11,"C100,C101,C102,C103,C104,C105,C106,C107,C108,C109,C110",,,,,"C100,C101,C102,C103,C104,C105,C106,C107,C108,C109,C110",PCB SMT; assembler acceptance pending,C1525,catalog_identity_verified_assembly_pending,https://www.lcsc.com/product-detail/C1525.html,jlc_smt_catalog_verified_order_acceptance_pending,https://jlcpcb.com/partdetail/C1525,Economic and Standard,,https://product.samsungsem.com/mlcc/CL05B104KO5NNN.do,Samsung exact NC packaging variant and nominal specification reviewed; operating qualification pending,16 V rated. No 50 V substitution implied.
CL10A106MQ8NNNC,Samsung Electro-Mechanics,10uF,"10 uF +/-20%, 6.3 V, X5R, 0603; 0.8 +/-0.1 mm height",0603 imperial / 1608 metric SMT chip,Capacitor_SMD:C_0603_1608Metric,8,8,8,8,8,8,8,8,"C111,C112,C113,C114,C115,C116,C117,C118",,,,,"C111,C112,C113,C114,C115,C116,C117,C118",PCB SMT; assembler acceptance pending,C1691,catalog_identity_verified_assembly_pending,https://www.lcsc.com/product-detail/C1691.html,jlc_smt_catalog_verified_order_acceptance_pending,https://jlcpcb.com/partdetail/2043-CL10A106MQ8NNNC/C1691,Economic and Standard,,https://product.samsungsem.com/mlcc/CL10A106MQ8NNN.do,Samsung exact NC packaging variant and nominal specification reviewed; DC-bias qualification pending,Use on 3.3 V rail. Effective capacitance at 3.3 V is not verified; nominal voltage rating alone does not establish usable capacitance.
FH12-14S-0.5SH(55),Hirose,BIOS additional-address / isolated-CE tap,BIOS additional-address / isolated-CE tap,"Hirose FH12 horizontal bottom-contact FPC, 14 positions, 0.5 mm pitch, 2.0 mm height",Connector_FFC-FPC:Hirose_FH12-14S-0.5SH_1x14-1MP_P0.50mm_Horizontal,0,1,0,1,0,1,0,1,,J40,,,,J40,PCB SMT; assembler acceptance pending,,sourcing_pending,,jlc_assembly_identity_pending,,,,https://www.hirose.com/en/product/p/CL0586-0533-0-55,Exact circuit MPN selected; procurement and operating qualification pending,
FH12-20S-0.5SH(55),Hirose,FH12-20S-0.5SH(55),FH12-20S-0.5SH(55),"Hirose FH12 horizontal bottom-contact FPC, 20 positions, 0.5 mm pitch, 2.0 mm height",Connector_FFC-FPC:Hirose_FH12-20S-0.5SH_1x20-1MP_P0.50mm_Horizontal,2,2,2,2,2,2,2,2,"J50,J51",,,,,"J50,J51",PCB SMT; assembler acceptance pending,C596730,catalog_identity_verified_assembly_pending,https://www.lcsc.com/product-detail/C596730.html,jlc_smt_catalog_verified_order_acceptance_pending,https://jlcpcb.com/partdetail/HRS_Hirose-FH12_20S_0_5SH_55/C596730,Economic and Standard,,https://www.hirose.com/en/product/p/CL0586-0524-9-55,Exact circuit MPN selected; procurement and operating qualification pending,Exact parenthetical (55) selected. JLC C597980 punctuation-normalized listing is not silently substituted for exact LCSC C596730. Assembler sourcing/rotation confirmation pending.
FH12-6S-0.5SH(55),Hirose,External DPDT recovery selector harness,External DPDT recovery selector harness,"Hirose FH12 horizontal bottom-contact FPC, 6 positions, 0.5 mm pitch, 2.0 mm height",Connector_FFC-FPC:Hirose_FH12-6S-0.5SH_1x06-1MP_P0.50mm_Horizontal,0,1,0,1,0,1,0,1,,J41,,,,J41,PCB SMT; assembler acceptance pending,,sourcing_pending,,jlc_assembly_identity_pending,,,,https://www.hirose.com/en/product/p/CL0586-0582-5-55,Exact circuit MPN selected; procurement and operating qualification pending,
GRM1555C1H150JA01D,Murata,15p,"15 pF +/-5%, 50 V, C0G, 0402",0402 imperial / 1005 metric SMT chip,Capacitor_SMD:C_0402_1005Metric,2,2,2,2,2,2,2,2,"C2020,C2021",,,,,"C2020,C2021",PCB SMT; assembler acceptance pending,C76950,catalog_identity_verified_assembly_pending,https://www.lcsc.com/product-detail/C76950.html,jlc_smt_catalog_verified_order_acceptance_pending,https://jlcpcb.com/partdetail/MurataElectronics-GRM1555C1H150JA01D/C76950,Economic and Standard,,https://pip-assets.raspberrypi.com/categories/1214-rp2350/documents/RP-008280-DS-1-hardware-design-with-rp2350.pdf,Exact circuit MPN selected; procurement and operating qualification pending,Crystal load includes PCB and pin stray capacitance; verify oscillator margin.
GRM155R60J475ME47D,Murata,4.7u,"4.7 uF +/-20%, 6.3 V, X5R, 0402",0402 imperial / 1005 metric SMT chip,Capacitor_SMD:C_0402_1005Metric,3,3,3,3,3,3,3,3,"C2001,C2002,C2003",,,,,"C2001,C2002,C2003",PCB SMT; assembler acceptance pending,C82453,catalog_identity_verified_assembly_pending,https://www.lcsc.com/product-detail/C82453.html,jlc_smt_catalog_verified_order_acceptance_pending,https://jlcpcb.com/partdetail/MurataElectronics-GRM155R60J475ME47D/C82453,Economic and Standard,,https://pip-assets.raspberrypi.com/categories/1214-rp2350/documents/RP-008280-DS-1-hardware-design-with-rp2350.pdf,RP235x reference-design selected exact MPN; DC-bias qualification pending,Native RP235x converter input/output capacitor selection; no value/package substitution without RP235x stability review.
GRM155R61A105KE15D,Murata,1u,"1 uF +/-10%, 10 V, X5R, 0402",0402 imperial / 1005 metric SMT chip,Capacitor_SMD:C_0402_1005Metric,1,1,1,1,1,1,1,1,C2023,,,,,C2023,PCB SMT; assembler acceptance pending,C76999,catalog_identity_verified_assembly_pending,https://www.lcsc.com/product-detail/C76999.html,jlc_smt_catalog_verified_order_acceptance_pending,https://jlcpcb.com/partdetail/MurataElectronics-GRM155R61A105KE15D/C76999,Economic and Standard,,https://www.apmemory.com/en/downloadFiles/032411212009597427,Exact circuit MPN selected; procurement and operating qualification pending,Manufacturer bias and actual rail-transient qualification pending.
GRM155R71C104KA88D,Murata,100nF,"100 nF +/-10%, 16 V, X7R, 0402",0402 imperial / 1005 metric SMT chip,Capacitor_SMD:C_0402_1005Metric,23,23,23,23,23,23,23,23,"C212,C213,C214,C215,C216,C217,C218,C219,C220,C221,C222,C223,C224,C225,C226,C227,C228,C229,C230,C231,C232,C233,C234",,,,,"C212,C213,C214,C215,C216,C217,C218,C219,C220,C221,C222,C223,C224,C225,C226,C227,C228,C229,C230,C231,C232,C233,C234",PCB SMT; assembler acceptance pending,C71629,catalog_identity_verified_assembly_pending,https://www.lcsc.com/product-detail/C71629.html,jlc_smt_catalog_verified_order_acceptance_pending,https://jlcpcb.com/partdetail/MurataElectronics-GRM155R71C104KA88D/C71629,Economic and Standard,,https://www.murata.com/en-us/api/pdfdownloadapi?cate=luCeramicCapacitorsSMD&partno=GRM155R71C104KA88D,Exact distributor nominal/package identity reviewed; manufacturer operating qualification pending,
GRM155R71E104KE14D,Murata,100n,"100 nF +/-10%, 25 V, X7R, 0402",0402 imperial / 1005 metric SMT chip,Capacitor_SMD:C_0402_1005Metric,27,27,27,27,27,27,27,27,"C2004,C2005,C2006,C2007,C2008,C2009,C2010,C2011,C2012,C2013,C2014,C2015,C2016,C2017,C2018,C2022,C2024,C2025,C2027,C2028,C2029,C2030,C2031,C2032,C2033,C2034,C2035",,,,,"C2004,C2005,C2006,C2007,C2008,C2009,C2010,C2011,C2012,C2013,C2014,C2015,C2016,C2017,C2018,C2022,C2024,C2025,C2027,C2028,C2029,C2030,C2031,C2032,C2033,C2034,C2035",PCB SMT; assembler acceptance pending,C77014,catalog_identity_verified_assembly_pending,https://www.lcsc.com/product-detail/C77014.html,jlc_smt_catalog_verified_order_acceptance_pending,https://jlcpcb.com/partdetail/MurataElectronics-GRM155R71E104KE14D/C77014,Economic and Standard,,https://pip-assets.raspberrypi.com/categories/1214-rp2350/documents/RP-008280-DS-1-hardware-design-with-rp2350.pdf,Exact distributor nominal/package identity reviewed; manufacturer operating qualification pending,
GRM188R60J475KE19D,Murata,4.7uF,"4.7 uF +/-10%, 6.3 V, X5R, 0603",0603 imperial / 1608 metric SMT chip,Capacitor_SMD:C_0603_1608Metric,0,1,0,1,0,1,0,1,,C401,,,,C401,PCB SMT; assembler acceptance pending,,sourcing_pending,,jlc_assembly_identity_pending,,,,https://www.murata.com/en-us/api/pdfdownloadapi?cate=luCeramicCapacitorsSMD&partno=GRM188R60J475KE19D,Exact circuit MPN selected; procurement and operating qualification pending,Optional BIOS 3.3 V bypass; effective capacitance not qualified.
GRM21BR61A226ME51L,Murata,22uF,"22 uF +/-20%, 10 V, X5R, 0805; 1.4 mm maximum height",0805 imperial / 2012 metric SMT chip,Capacitor_SMD:C_0805_2012Metric,10,10,10,10,10,10,10,10,"C200,C201,C206,C207,C208,C209,C210,C211,C235,C236",,,,,"C200,C201,C206,C207,C208,C209,C210,C211,C235,C236",PCB SMT; assembler acceptance pending,C77074,catalog_identity_verified_assembly_pending,https://www.lcsc.com/product-detail/C77074.html,jlc_smt_catalog_verified_order_acceptance_pending,https://jlcpcb.com/partdetail/MurataElectronics-GRM21BR61A226ME51L/C77074,Economic and Standard,,https://ds.murata.com/mpst/?lcid=ja | https://www.murata.com/en-us/api/pdfdownloadapi?cate=luCeramicCapacitorsSMD&partno=GRM21BR61A226ME51L,Murata manufacturer part table and distributor exact identity reviewed; DC-bias qualification pending,Nominal 22 uF is not effective 22 uF at 3.3 V or 5 V. Obtain SimSurfing bias/temp/aging data and verify converter stability before release. L packaging suffix retained.
GRM21BR61C106KE15L,Murata,10u,"10 uF +/-10%, 16 V, X5R, 0805",0805 imperial / 2012 metric SMT chip,Capacitor_SMD:C_0805_2012Metric,3,3,3,3,3,3,3,3,"C2019,C2026,C2036",,,,,"C2019,C2026,C2036",PCB SMT; assembler acceptance pending,C77075,catalog_identity_verified_assembly_pending,https://www.lcsc.com/product-detail/C77075.html,jlc_smt_catalog_verified_order_acceptance_pending,https://jlcpcb.com/partdetail/MurataElectronics-GRM21BR61C106KE15L/C77075,Economic and Standard,,https://pip-assets.raspberrypi.com/categories/1214-rp2350/documents/RP-008280-DS-1-hardware-design-with-rp2350.pdf,Exact circuit MPN selected; procurement and operating qualification pending,Manufacturer bias and actual rail-transient qualification pending.
GRM32ER61A107ME20L,Murata,100uF,"100 uF +/-20%, 10 V, X5R, 1210; 2.7 mm maximum height",1210 imperial / 3225 metric SMT chip,Capacitor_SMD:C_1210_3225Metric,0,0,4,4,0,0,4,4,,,"C202,C203,C204,C205",,,"C202,C203,C204,C205",PCB SMT; assembler acceptance pending,,sourcing_pending,,jlc_assembly_identity_pending,,,,https://ds.murata.com/simsurfing/mlcc.html?oripartnumbers=%5B%22GRM32ER60G337ME05L%22%5D&partnumbers=%5B%22GRM32ER60G337ME05%22%5D&rgear=jomoqke&rgearinfo=de&videoId=5970368749001 | https://www.murata.com/en-us/api/pdfdownloadapi?cate=luCeramicCapacitorsSMD&partno=GRM32ER61A107ME20L,Murata table nominal/body data reviewed; optional reserve DC-bias and hold-up qualification pending,Reserve DNP in factory base. Four parts provide 400 uF nominal; usable hold-up and card flush time are not established. Obtain actual effective-C curves at 5 V.
LCMXO2-2000HC-4TG100C,Lattice Semiconductor,LCMXO2-2000HC-4TG100C,LCMXO2-2000HC-4TG100C,"TQFP-100, 14 x 14 mm body, 0.5 mm pitch",Package_QFP:TQFP-100_14x14mm_P0.5mm,1,1,1,1,1,1,1,1,U10,,,,,U10,PCB SMT; assembler acceptance pending,C1521632,catalog_identity_verified_assembly_pending,https://jlcpcb.com/partdetail/LCMXO2-2000HC-4TG100C/C1521632,jlc_smt_catalog_verified_order_acceptance_pending,https://jlcpcb.com/partdetail/LCMXO2-2000HC-4TG100C/C1521632,Economic and Standard,,https://www.latticesemi.com/view_document?document_id=42568 | https://www.latticesemi.com/view_document?document_id=38834 | https://www.latticesemi.com/view_document?document_id=39095,Exact circuit MPN selected; procurement and operating qualification pending,
MX29LV640ETTI-70G,Macronix,MX29LV640ETTI-70G x8 / 4 x 2MiB,"64 Mbit 3 V parallel NOR, 70 ns industrial top-boot TSOP-48, x8/x16; optional","TSOP-I-48, 18.4 x 12 mm body, 0.5 mm pitch, normal pin orientation",Package_SO:TSOP-I-48_18.4x12mm_P0.5mm,0,1,0,1,0,1,0,1,,U40,,,,U40,PCB SMT; assembler acceptance pending,,sourcing_pending,,jlc_assembly_identity_pending,,,,https://www.macronix.com/Lists/Datasheet/Attachments/8514/MX29LV640E%20T-B%2C%203V%2C%2064Mb%2C%20v1.7.pdf,Exact circuit MPN selected; procurement and operating qualification pending,Factory BIOS DNP. External verified bank-0 preprogramming required for populated prototype; byte-mode bank pins are physical A20/A21. JP40 normally open. Original mask ROM never writable.
"PMEG2010ER,115",Nexperia,Reserve charge Schottky,Reserve charge Schottky,Nexperia CFP3 SOD-123W,Diode_SMD:Nexperia_CFP3_SOD-123W,0,0,1,1,0,0,1,1,,,D20,,,D20,PCB SMT; assembler acceptance pending,,sourcing_pending,,jlc_assembly_identity_pending,,,,https://assets.nexperia.com/documents/data-sheet/PMEG2010ER.pdf,Exact circuit MPN selected; procurement and operating qualification pending,
"PMV48XP,215",Nexperia,PMV48XP reverse polarity,PMV48XP reverse polarity,SOT-23,Package_TO_SOT_SMD:SOT-23,1,1,1,1,1,1,1,1,Q20,,,,,Q20,PCB SMT; assembler acceptance pending,C75560,catalog_identity_verified_assembly_pending,https://www.lcsc.com/product-detail/C75560.html,jlc_smt_catalog_verified_order_acceptance_pending,https://jlcpcb.com/partdetail/Nexperia-PMV48XP215/C75560,Economic and Standard,,https://assets.nexperia.com/documents/data-sheet/PMV48XP.pdf,Exact circuit MPN selected; procurement and operating qualification pending,
RC0402FR-07100KL,Yageo,100k,100k ohm; 1% thick-film; nominal power 0.063 W at 70 C,0402 imperial / 1005 metric SMT chip,Resistor_SMD:R_0402_1005Metric,16,16,16,16,16,16,16,16,"R210,R269,R2021,R2022,R2023,R2025,R2030,R2031,R2032,R2033,R2034,R2036,R2037,R2040,R2041,R2043",,,,,"R210,R269,R2021,R2022,R2023,R2025,R2030,R2031,R2032,R2033,R2034,R2036,R2037,R2040,R2041,R2043",PCB SMT; assembler acceptance pending,C60491,catalog_identity_verified_assembly_pending,https://www.lcsc.com/product-detail/C60491.html,jlc_smt_catalog_verified_order_acceptance_pending,https://jlcpcb.com/partdetail/RC0402FR-07100KL/C60491,Economic and Standard,,https://yageogroup.com/component-documentation/download/specsheet/RC0402FR-07100KL,Exact circuit MPN selected; procurement and operating qualification pending,Use exact Yageo value/package. Supply paths require resistor pulse/temperature review; no approved substitution.
RC0402FR-0710KL,Yageo,10k,10k ohm; 1% thick-film; nominal power 0.063 W at 70 C,0402 imperial / 1005 metric SMT chip,Resistor_SMD:R_0402_1005Metric,30,30,30,30,30,30,30,30,"R205,R206,R207,R208,R211,R212,R213,R214,R215,R216,R217,R218,R219,R220,R221,R222,R264,R265,R266,R267,R268,R2005,R2020,R2024,R2026,R2027,R2028,R2029,R2035,R2042",,,,,"R205,R206,R207,R208,R211,R212,R213,R214,R215,R216,R217,R218,R219,R220,R221,R222,R264,R265,R266,R267,R268,R2005,R2020,R2024,R2026,R2027,R2028,R2029,R2035,R2042",PCB SMT; assembler acceptance pending,C60490,catalog_identity_verified_assembly_pending,https://www.lcsc.com/product-detail/C60490.html,jlc_smt_catalog_verified_order_acceptance_pending,https://jlcpcb.com/partdetail/RC0402FR-0710KL/C60490,Economic and Standard,,https://yageogroup.com/component-documentation/download/specsheet/RC0402FR-0710KL,"Yageo exact manufacturer specification reviewed: 1%, 50 V, 0.063 W; operating qualification pending",Use exact Yageo value/package. Supply paths require resistor pulse/temperature review; no approved substitution.
RC0402FR-071KL,Yageo,1k,1k ohm; 1% thick-film; nominal power 0.063 W at 70 C,0402 imperial / 1005 metric SMT chip,Resistor_SMD:R_0402_1005Metric,3,3,3,3,3,3,3,3,"R103,R2002,R2006",,,,,"R103,R2002,R2006",PCB SMT; assembler acceptance pending,C106235,catalog_identity_verified_assembly_pending,https://www.lcsc.com/product-detail/C106235.html,jlc_smt_catalog_verified_order_acceptance_pending,https://jlcpcb.com/partdetail/YAGEO-RC0402FR071KL/C106235,Economic and Standard,,https://yageogroup.com/component-documentation/download/specsheet/RC0402FR-071KL,Exact circuit MPN selected; procurement and operating qualification pending,Use exact Yageo value/package. Supply paths require resistor pulse/temperature review; no approved substitution.
RC0402FR-071ML,Yageo,1M,1M ohm; 1% thick-film; nominal power 0.063 W at 70 C,0402 imperial / 1005 metric SMT chip,Resistor_SMD:R_0402_1005Metric,1,1,1,1,1,1,1,1,R201,,,,,R201,PCB SMT; assembler acceptance pending,C138033,catalog_identity_verified_assembly_pending,https://www.lcsc.com/product-detail/C138033.html,jlc_smt_catalog_verified_order_acceptance_pending,https://jlcpcb.com/partdetail/YAGEO-RC0402FR071ML/C138033,Economic and Standard,,https://yageogroup.com/component-documentation/download/specsheet/RC0402FR-071ML,Exact circuit MPN selected; procurement and operating qualification pending,Use exact Yageo value/package. Supply paths require resistor pulse/temperature review; no approved substitution.
RC0402FR-0727RL,Yageo,27,27 ohm; 1% thick-film; nominal power 0.063 W at 70 C,0402 imperial / 1005 metric SMT chip,Resistor_SMD:R_0402_1005Metric,2,2,2,2,2,2,2,2,"R2038,R2039",,,,,"R2038,R2039",PCB SMT; assembler acceptance pending,C138021,catalog_identity_verified_assembly_pending,https://www.lcsc.com/product-detail/C138021.html,jlc_smt_catalog_verified_order_acceptance_pending,https://jlcpcb.com/partdetail/YAGEO-RC0402FR0727RL/C138021,Economic and Standard,,https://yageogroup.com/component-documentation/download/specsheet/RC0402FR-0727RL,Exact circuit MPN selected; procurement and operating qualification pending,Use exact Yageo value/package. Supply paths require resistor pulse/temperature review; no approved substitution.
RC0402FR-0733RL,Yageo,33,33 ohm; 1% thick-film; nominal power 0.063 W at 70 C,0402 imperial / 1005 metric SMT chip,Resistor_SMD:R_0402_1005Metric,8,8,8,8,8,8,8,8,"R110,R2001,R2009,R2010,R2012,R2014,R2016,R2018",,,,,"R110,R2001,R2009,R2010,R2012,R2014,R2016,R2018",PCB SMT; assembler acceptance pending,C138002,catalog_identity_verified_assembly_pending,https://www.lcsc.com/product-detail/C138002.html,jlc_smt_catalog_verified_order_acceptance_pending,https://jlcpcb.com/partdetail/YAGEO-RC0402FR0733RL/C138002,Economic and Standard,,https://yageogroup.com/component-documentation/download/specsheet/RC0402FR-0733RL,Exact circuit MPN selected; procurement and operating qualification pending,Use exact Yageo value/package. Supply paths require resistor pulse/temperature review; no approved substitution.
RC0402FR-0747KL,Yageo,47k,47k ohm; 1% thick-film; nominal power 0.063 W at 70 C,0402 imperial / 1005 metric SMT chip,Resistor_SMD:R_0402_1005Metric,49,49,49,49,49,49,49,49,"R200,R203,R204,R223,R224,R225,R226,R227,R228,R229,R230,R231,R232,R233,R234,R235,R236,R237,R238,R239,R240,R241,R242,R243,R244,R245,R246,R247,R248,R249,R250,R251,R252,R253,R254,R255,R256,R257,R258,R259,R260,R261,R262,R263,R2011,R2013,R2015,R2017,R2019",,,,,"R200,R203,R204,R223,R224,R225,R226,R227,R228,R229,R230,R231,R232,R233,R234,R235,R236,R237,R238,R239,R240,R241,R242,R243,R244,R245,R246,R247,R248,R249,R250,R251,R252,R253,R254,R255,R256,R257,R258,R259,R260,R261,R262,R263,R2011,R2013,R2015,R2017,R2019",PCB SMT; assembler acceptance pending,C93943,catalog_identity_verified_assembly_pending,https://www.lcsc.com/product-detail/C93943.html,jlc_smt_catalog_verified_order_acceptance_pending,https://jlcpcb.com/partdetail/Yageo-RC0402FR0747KL/C93943,Economic and Standard,,https://yageogroup.com/component-documentation/download/specsheet/RC0402FR-0747KL,Exact circuit MPN selected; procurement and operating qualification pending,Use exact Yageo value/package. Supply paths require resistor pulse/temperature review; no approved substitution.
RC0402FR-074K7L,Yageo,4.7k,4.7k ohm; 1% thick-film; nominal power 0.063 W at 70 C,0402 imperial / 1005 metric SMT chip,Resistor_SMD:R_0402_1005Metric,12,12,12,12,12,12,12,12,"R100,R101,R102,R104,R105,R106,R107,R108,R109,R111,R112,R2008",,,,,"R100,R101,R102,R104,R105,R106,R107,R108,R109,R111,R112,R2008",PCB SMT; assembler acceptance pending,C105871,catalog_identity_verified_assembly_pending,https://www.lcsc.com/product-detail/C105871.html,jlc_smt_catalog_verified_order_acceptance_pending,https://jlcpcb.com/partdetail/RC0402FR-074K7L/C105871,Economic and Standard,,https://yageogroup.com/component-documentation/download/specsheet/RC0402FR-074K7L,Exact circuit MPN selected; procurement and operating qualification pending,Use exact Yageo value/package. Supply paths require resistor pulse/temperature review; no approved substitution.
RC0402FR-07976KL,Yageo,976k,976k ohm; 1% thick-film; nominal power 0.063 W at 70 C,0402 imperial / 1005 metric SMT chip,Resistor_SMD:R_0402_1005Metric,1,1,1,1,1,1,1,1,R209,,,,,R209,PCB SMT; assembler acceptance pending,C273699,catalog_identity_verified_assembly_pending,https://jlcpcb.com/partdetail/YAGEO-RC0402FR07976KL/C273699,jlc_smt_catalog_verified_order_acceptance_pending,https://jlcpcb.com/partdetail/YAGEO-RC0402FR07976KL/C273699,Economic and Standard,,https://yageogroup.com/component-documentation/download/specsheet/RC0402FR-07976KL,Exact circuit MPN selected; procurement and operating qualification pending,Original exact 976k ohm divider retained. Chinese official LCSC identity and live official JLC SMT part listing both verified. No resistor ratio or warning-threshold change.
RC0402JR-070RL,Yageo,0,0 ohm; zero-ohm jumper,0402 imperial / 1005 metric SMT chip,Resistor_SMD:R_0402_1005Metric,3,3,3,3,3,3,3,3,"R2003,R2004,R2007",,,,,"R2003,R2004,R2007",PCB SMT; assembler acceptance pending,C60485,catalog_identity_verified_assembly_pending,https://www.lcsc.com/product-detail/C60485.html,jlc_smt_catalog_verified_order_acceptance_pending,https://jlcpcb.com/partdetail/RC0402JR-070RL/C60485,Economic and Standard,,https://yageogroup.com/component-documentation/download/specsheet/RC0402JR-070RL,Exact circuit MPN selected; procurement and operating qualification pending,Use exact Yageo value/package. Supply paths require resistor pulse/temperature review; no approved substitution.
RC0603FR-07100KL,Yageo,100k,100k ohm; 1% thick-film; nominal power 0.1 W at 70 C,0603 imperial / 1608 metric SMT chip,Resistor_SMD:R_0603_1608Metric,0,1,0,1,0,1,0,1,,R411,,,,R411,PCB SMT; assembler acceptance pending,,sourcing_pending,,jlc_assembly_identity_pending,,,,https://yageogroup.com/component-documentation/download/specsheet/RC0603FR-07100KL,Exact circuit MPN selected; procurement and operating qualification pending,Use exact Yageo value/package. Supply paths require resistor pulse/temperature review; no approved substitution.
RC0603FR-0710KL,Yageo,10k,10k ohm; 1% thick-film; nominal power 0.1 W at 70 C,0603 imperial / 1608 metric SMT chip,Resistor_SMD:R_0603_1608Metric,1,13,1,13,1,13,1,13,R409,"R400,R401,R402,R403,R404,R405,R406,R407,R408,R412,R413,R414",,,,"R400,R401,R402,R403,R404,R405,R406,R407,R408,R409,R412,R413,R414",PCB SMT; assembler acceptance pending,C98220,catalog_identity_verified_assembly_pending,https://www.lcsc.com/product-detail/C98220.html,jlc_smt_catalog_verified_order_acceptance_pending,https://jlcpcb.com/partdetail/RC0603FR-0710KL/C98220,Economic and Standard,,https://yageogroup.com/component-documentation/download/specsheet/RC0603FR-0710KL,Exact circuit MPN selected; procurement and operating qualification pending,Use exact Yageo value/package. Supply paths require resistor pulse/temperature review; no approved substitution.
RC0603JR-070RL,Yageo,0R,0R ohm; zero-ohm jumper,0603 imperial / 1608 metric SMT chip,Resistor_SMD:R_0603_1608Metric,1,0,1,0,1,0,1,0,R410,,,R410,,R410,PCB SMT; assembler acceptance pending,C95177,catalog_identity_verified_assembly_pending,https://www.lcsc.com/product-detail/C95177.html,jlc_smt_catalog_verified_order_acceptance_pending,https://jlcpcb.com/partdetail/YAGEO-RC0603JR070RL/C95177,Economic and Standard,,https://yageogroup.com/component-documentation/download/specsheet/RC0603JR-070RL,Exact circuit MPN selected; procurement and operating qualification pending,Use exact Yageo value/package. Supply paths require resistor pulse/temperature review; no approved substitution.
RC0805FR-0722RL,Yageo,22,22 ohm; 1% thick-film; nominal power 0.125 W at 70 C,0805 imperial / 2012 metric SMT chip,Resistor_SMD:R_0805_2012Metric,0,0,1,1,0,0,1,1,,,R202,,,R202,PCB SMT; assembler acceptance pending,,sourcing_pending,,jlc_assembly_identity_pending,,,,https://yageogroup.com/component-documentation/download/specsheet/RC0805FR-0722RL,Exact circuit MPN selected; procurement and operating qualification pending,"Optional reserve DNP. At 5 V with 22 ohm: initial current about 227 mA, peak resistor power about 1.14 W; 400 uF nominal charge tau about 8.8 ms and resistor loss about 5 mJ (6 mJ for +20% C). These ideal estimates exceed continuous 0.125 W rating and require manufacturer pulse-overload/temperature qualification before fitting."
RP2350B,Raspberry Pi,RP2350B,RP2350B,"QFN-80 with exposed pad, 10 x 10 mm, 0.4 mm pitch",Package_DFN_QFN:QFN-80-1EP_10x10mm_P0.4mm_EP3.4x3.4mm_ThermalVias,1,1,1,1,1,1,1,1,U201,,,,,U201,PCB SMT; assembler acceptance pending,C9900138392,catalog_identity_verified_assembly_pending,https://jlcpcb.com/partdetail/RASPBERRY-RP2350B/C9900138392,jlc_smt_catalog_verified_order_acceptance_pending,https://jlcpcb.com/partdetail/RASPBERRY-RP2350B/C9900138392,Economic and Standard,,https://datasheets.raspberrypi.com/rp2350/rp2350-datasheet.pdf | https://pip-assets.raspberrypi.com/categories/1214-rp2350/documents/RP-008280-DS-1-hardware-design-with-rp2350.pdf,Exact circuit MPN selected; procurement and operating qualification pending,
S7221-45R,Harwin,C5 removable compression contact,Free height 1.23 mm; working height 0.90 mm; minimum working 0.63 mm; mechanical stop 0.55 mm,"Harwin SMT spring contact, 1.23 mm free / 0.90 mm working height",KUI_Footprints:Harwin_S7221-45R_BodyOrigin,16,16,16,16,16,16,16,16,"K201,K202,K203,K204,K205,K206,K207,K208,K209,K210,K211,K212,K213,K214,K215,K216",,,,,"K201,K202,K203,K204,K205,K206,K207,K208,K209,K210,K211,K212,K213,K214,K215,K216",PCB SMT; assembler acceptance pending,C22445132,catalog_identity_verified_assembly_pending,https://www.lcsc.com/product-detail/C22445132.html,jlc_smt_catalog_verified_fixture_agreement_pending,https://jlcpcb.com/partdetail/Harwin-S722145R/C22445132,Economic and Standard,explicit_fixture_requirement,https://www.harwin.com/products/S7221-45R,Manufacturer product/drawing geometry reviewed; contact force and fixture qualification pending,Sixteen individual SMT contacts for C5 carrier. One electrical terminal across two solder lands; custom manufacturer body-origin footprint. Clamp/strain relief required; contact-only total does not include fixture. JLC exact part page explicitly requires a PCB assembly fixture to protect/support the part; obtain assembler fixture agreement before order release.
SN74AXC4T245PWR,Texas Instruments,C5 off-state isolation,C5 off-state isolation,TSSOP-16 4.4x5mm P0.65mm,Package_SO:TSSOP-16_4.4x5mm_P0.65mm,4,4,4,4,4,4,4,4,"U204,U205,U207,U208",,,,,"U204,U205,U207,U208",PCB SMT; assembler acceptance pending,C2867798,catalog_identity_verified_assembly_pending,https://www.lcsc.com/product-detail/C2867798.html,jlc_smt_catalog_verified_order_acceptance_pending,https://jlcpcb.com/partdetail/TexasInstruments-SN74AXC4T245PWR/C2867798,Economic and Standard,,https://www.ti.com/lit/ds/symlink/sn74axc4t245.pdf,Exact circuit MPN selected; procurement and operating qualification pending,
SN74LVC16T245DGGR,Texas Instruments,SN74LVC16T245,SN74LVC16T245,TSSOP-48 6.1x12.5mm P0.5mm,Package_SO:TSSOP-48_6.1x12.5mm_P0.5mm,1,1,1,1,1,1,1,1,U35,,,,,U35,PCB SMT; assembler acceptance pending,C148170,catalog_identity_verified_assembly_pending,https://www.lcsc.com/product-detail/C148170.html,jlc_smt_catalog_verified_order_acceptance_pending,https://jlcpcb.com/partdetail/TexasInstruments-SN74LVC16T245DGGR/C148170,Economic and Standard,,https://www.ti.com/lit/ds/symlink/sn74lvc16t245.pdf,Exact circuit MPN selected; procurement and operating qualification pending,
SN74LVC1G00DBVR,Texas Instruments,SD enable/power-good NAND,SD enable/power-good NAND,SOT-23-5,Package_TO_SOT_SMD:SOT-23-5,1,1,1,1,1,1,1,1,U209,,,,,U209,PCB SMT; assembler acceptance pending,C7826,catalog_identity_verified_assembly_pending,https://www.lcsc.com/product-detail/C7826.html,jlc_smt_catalog_verified_order_acceptance_pending,https://jlcpcb.com/partdetail/C7826,Economic and Standard,,https://www.ti.com/lit/ds/symlink/sn74lvc1g00.pdf,Exact circuit MPN selected; procurement and operating qualification pending,
SN74LVC1G04DBVR,Texas Instruments,SN74LVC1G04 write-block inverter,SN74LVC1G04 write-block inverter,SOT-23-5,Package_TO_SOT_SMD:SOT-23-5,0,1,0,1,0,1,0,1,,U43,,,,U43,PCB SMT; assembler acceptance pending,,sourcing_pending,,jlc_assembly_identity_pending,,,,https://www.ti.com/lit/ds/symlink/sn74lvc1g04.pdf,Exact circuit MPN selected; procurement and operating qualification pending,
SN74LVC1G07DBVR,Texas Instruments,SN74LVC1G07 open-drain IORDY,SN74LVC1G07 open-drain IORDY,SOT-23-5,Package_TO_SOT_SMD:SOT-23-5,1,1,1,1,1,1,1,1,U70,,,,,U70,PCB SMT; assembler acceptance pending,C7829,catalog_identity_verified_assembly_pending,https://www.lcsc.com/product-detail/C7829.html,jlc_smt_catalog_verified_order_acceptance_pending,https://jlcpcb.com/partdetail/TexasInstruments-SN74LVC1G07DBVR/C7829,Economic and Standard,,https://www.ti.com/lit/ds/symlink/sn74lvc1g07.pdf,Exact circuit MPN selected; procurement and operating qualification pending,
SN74LVC1G08DBVR,Texas Instruments,SN74LVC1G08DBVR,SN74LVC1G08DBVR,SOT-23-5,Package_TO_SOT_SMD:SOT-23-5,2,2,2,2,2,2,2,2,"U33,U34",,,,,"U33,U34",PCB SMT; assembler acceptance pending,C7666,catalog_identity_verified_assembly_pending,https://www.lcsc.com/product-detail/C7666.html,jlc_smt_catalog_verified_order_acceptance_pending,https://jlcpcb.com/partdetail/SN74LVC1G08DBVR/C7666,Economic and Standard,,https://www.ti.com/lit/ds/symlink/sn74lvc1g08.pdf,Exact circuit MPN selected; procurement and operating qualification pending,
SN74LVC1G11DBVR,Texas Instruments,SN74LVC1G11DBVR,SN74LVC1G11DBVR,SOT-23-6,Package_TO_SOT_SMD:SOT-23-6,1,2,1,2,1,2,1,2,U30,U42,,,,"U30,U42",PCB SMT; assembler acceptance pending,C22046,catalog_identity_verified_assembly_pending,https://www.lcsc.com/product-detail/C22046.html,jlc_smt_catalog_verified_order_acceptance_pending,https://jlcpcb.com/partdetail/TexasInstruments-SN74LVC1G11DBVR/C22046,Economic and Standard,,https://www.ti.com/lit/ds/symlink/sn74lvc1g11.pdf,Exact circuit MPN selected; procurement and operating qualification pending,
SN74LVC1G125DBVR,Texas Instruments,SN74LVC1G125 qualified ATA_INTRQ,SN74LVC1G125 qualified ATA_INTRQ,SOT-23-5,Package_TO_SOT_SMD:SOT-23-5,2,2,2,2,2,2,2,2,"U38,U39",,,,,"U38,U39",PCB SMT; assembler acceptance pending,C23654,catalog_identity_verified_assembly_pending,https://www.lcsc.com/product-detail/C23654.html,jlc_smt_catalog_verified_order_acceptance_pending,https://jlcpcb.com/partdetail/SN74LVC1G125DBVR/C23654,Economic and Standard,,https://www.ti.com/lit/ds/symlink/sn74lvc1g125.pdf,Exact circuit MPN selected; procurement and operating qualification pending,
SN74LVC1G17DBVR,Texas Instruments,SN74LVC1G17 host RESETn,SN74LVC1G17 host RESETn,SOT-23-5,Package_TO_SOT_SMD:SOT-23-5,1,1,1,1,1,1,1,1,U37,,,,,U37,PCB SMT; assembler acceptance pending,C7836,catalog_identity_verified_assembly_pending,https://www.lcsc.com/product-detail/C7836.html,jlc_smt_catalog_verified_order_acceptance_pending,https://jlcpcb.com/partdetail/SN74LVC1G17DBVR/C7836,Economic and Standard,,https://www.ti.com/lit/ds/symlink/sn74lvc1g17.pdf,Exact circuit MPN selected; procurement and operating qualification pending,
SN74LVC1G32DBVR,Texas Instruments,SN74LVC1G32DBVR,SN74LVC1G32DBVR,SOT-23-5,Package_TO_SOT_SMD:SOT-23-5,3,3,3,3,3,3,3,3,"U32,U72,U73",,,,,"U32,U72,U73",PCB SMT; assembler acceptance pending,C10096,catalog_identity_verified_assembly_pending,https://www.lcsc.com/product-detail/C10096.html,jlc_smt_catalog_verified_order_acceptance_pending,https://jlcpcb.com/partdetail/TexasInstruments-SN74LVC1G32DBVR/C10096,Economic and Standard,,https://www.ti.com/lit/ds/symlink/sn74lvc1g32.pdf,Exact circuit MPN selected; procurement and operating qualification pending,
SN74LVC1G332DBVR,Texas Instruments,SN74LVC1G332 NOR WE qualifier,SN74LVC1G332 NOR WE qualifier,SOT-23-6,Package_TO_SOT_SMD:SOT-23-6,0,1,0,1,0,1,0,1,,U44,,,,U44,PCB SMT; assembler acceptance pending,,sourcing_pending,,jlc_assembly_identity_pending,,,,https://www.ti.com/lit/ds/symlink/sn74lvc1g332.pdf,Exact circuit MPN selected; procurement and operating qualification pending,
SN74LVC244APWR,Texas Instruments,SN74LVC244A host controls,SN74LVC244A host controls,TSSOP-20 4.4x6.5mm P0.65mm,Package_SO:TSSOP-20_4.4x6.5mm_P0.65mm,1,1,1,1,1,1,1,1,U36,,,,,U36,PCB SMT; assembler acceptance pending,C7668,catalog_identity_verified_assembly_pending,https://www.lcsc.com/product-detail/C7668.html,jlc_smt_catalog_verified_order_acceptance_pending,https://jlcpcb.com/partdetail/TexasInstruments-SN74LVC244APWR/C7668,Economic and Standard,,https://www.ti.com/lit/ds/symlink/sn74lvc244a.pdf,Exact circuit MPN selected; procurement and operating qualification pending,
SN74LVC2G04DBVT,Texas Instruments,"Dual inverter, DBV six-pin package, 250-unit reel order option","SN74LVC2G04, DBV SOT-23-6, -40 to +125 C; same circuit and pinout as DBVR",SOT-23-6,Package_TO_SOT_SMD:SOT-23-6,1,1,1,1,1,1,1,1,U31,,,,,U31,PCB SMT; assembler acceptance pending,C2860342,catalog_identity_verified_assembly_pending,https://jlcpcb.com/partdetail/TexasInstruments-SN74LVC2G04DBVT/C2860342,jlc_smt_catalog_verified_order_acceptance_pending,https://jlcpcb.com/partdetail/TexasInstruments-SN74LVC2G04DBVT/C2860342,Economic and Standard,,https://www.ti.com/lit/ds/symlink/sn74lvc2g04.pdf,Exact circuit MPN selected; procurement and operating qualification pending,"U31 supplier order code changed from DBVR to DBVT after exact JLC verification. TI package addendum lists identical package, terminals, finish and operating range; T/R distinguishes 250/3000 reel quantity. No pin, footprint or logic change."
SN74LVC2G08DCUR,Texas Instruments,SN74LVC2G08DCUR,SN74LVC2G08DCUR,VSSOP-8 2.3x2mm P0.5mm,Package_SO:VSSOP-8_2.3x2mm_P0.5mm,3,3,3,3,3,3,3,3,"U27,U28,U29",,,,,"U27,U28,U29",PCB SMT; assembler acceptance pending,C91875,catalog_identity_verified_assembly_pending,https://www.lcsc.com/product-detail/C91875.html,jlc_smt_catalog_verified_order_acceptance_pending,https://jlcpcb.com/partdetail/TexasInstruments-SN74LVC2G08DCUR/C91875,Economic and Standard,,https://www.ti.com/lit/ds/symlink/sn74lvc2g08.pdf,Exact circuit MPN selected; procurement and operating qualification pending,
SN74LVC2G125DCTR,Texas Instruments,SN74LVC2G125 bank-domain buffer,SN74LVC2G125 bank-domain buffer,SOT-23-8,Package_TO_SOT_SMD:SOT-23-8,0,1,0,1,0,1,0,1,,U41,,,,U41,PCB SMT; assembler acceptance pending,,sourcing_pending,,jlc_assembly_identity_pending,,,,https://www.ti.com/lit/ds/symlink/sn74lvc2g125.pdf,Exact circuit MPN selected; procurement and operating qualification pending,
TLV803EB29DBZR,Texas Instruments,TLV803EB29 console-rail NOR reset,TLV803EB29 console-rail NOR reset,SOT-23,Package_TO_SOT_SMD:SOT-23,0,1,0,1,0,1,0,1,,U45,,,,U45,PCB SMT; assembler acceptance pending,,sourcing_pending,,jlc_assembly_identity_pending,,,,https://www.ti.com/lit/ds/symlink/tlv803e.pdf,Exact circuit MPN selected; procurement and operating qualification pending,
TPS2116DRLR,Texas Instruments,TPS2116 automatic mux,TPS2116 automatic mux,"TI DRL0008A SOT-5X3-8, 1.6 x 2.1 mm, 0.5 mm pitch",KUI_Footprints:TI_DRL0008A,1,1,1,1,1,1,1,1,U20,,,,,U20,PCB SMT; assembler acceptance pending,C3235557,catalog_identity_verified_assembly_pending,https://www.lcsc.com/product-detail/C3235557.html,jlc_smt_catalog_verified_order_acceptance_pending,https://jlcpcb.com/partdetail/TexasInstruments-TPS2116DRLR/C3235557,Economic and Standard,,https://www.ti.com/lit/ds/symlink/tps2116.pdf,Exact circuit MPN selected; procurement and operating qualification pending,
TPS22919DCKR,Texas Instruments,TPS22919 Wi-Fi input switch,TPS22919 Wi-Fi input switch,SOT-363 SC-70-6,Package_TO_SOT_SMD:SOT-363_SC-70-6,1,1,1,1,1,1,1,1,U71,,,,,U71,PCB SMT; assembler acceptance pending,C2149796,catalog_identity_verified_assembly_pending,https://www.lcsc.com/product-detail/C2149796.html,jlc_smt_catalog_verified_order_acceptance_pending,https://jlcpcb.com/partdetail/C2149796,Economic and Standard,,https://www.ti.com/lit/ds/symlink/tps22919.pdf,Exact circuit MPN selected; procurement and operating qualification pending,
TPS3808G01DBVR,Texas Instruments,TPS3808G01DBVR,TPS3808G01DBVR,SOT-23-6,Package_TO_SOT_SMD:SOT-23-6,1,1,1,1,1,1,1,1,U26,,,,,U26,PCB SMT; assembler acceptance pending,C19653,catalog_identity_verified_assembly_pending,https://www.lcsc.com/product-detail/C19653.html,jlc_smt_catalog_verified_order_acceptance_pending,https://jlcpcb.com/partdetail/TexasInstruments-TPS3808G01DBVR/C19653,Economic and Standard,,https://www.ti.com/lit/ds/symlink/tps3808.pdf,Exact circuit MPN selected; procurement and operating qualification pending,
TPS3808G33DBVR,Texas Instruments,TPS3808G33DBVR,TPS3808G33DBVR,SOT-23-6,Package_TO_SOT_SMD:SOT-23-6,3,3,3,3,3,3,3,3,"U23,U24,U25",,,,,"U23,U24,U25",PCB SMT; assembler acceptance pending,C43698,catalog_identity_verified_assembly_pending,https://www.lcsc.com/product-detail/C43698.html,jlc_smt_catalog_verified_order_acceptance_pending,https://jlcpcb.com/partdetail/TexasInstruments-TPS3808G33DBVR/C43698,Economic and Standard,,https://www.ti.com/lit/ds/symlink/tps3808.pdf,Exact circuit MPN selected; procurement and operating qualification pending,
TPS62162DSGR,Texas Instruments,TPS62162 3.3V 1A,"Fixed 3.3 V synchronous buck, 3-17 V input, 1 A nominal output, 2.25 MHz nominal","TI DSG0008A WSON-8 with exposed pad, 2 x 2 mm, 0.5 mm pitch",KUI_Footprints:TI_DSG0008A,2,2,2,2,2,2,2,2,"U21,U22",,,,,"U21,U22",PCB SMT; assembler acceptance pending,C40256,catalog_identity_verified_assembly_pending,https://jlcpcb.com/partdetail/TexasInstruments-TPS62162DSGR/C40256,jlc_smt_catalog_verified_order_acceptance_pending,https://jlcpcb.com/partdetail/TexasInstruments-TPS62162DSGR/C40256,Economic and Standard,,https://www.ti.com/lit/ds/symlink/tps62162.pdf,"TI package, fixed-output order code and passive selection tables reviewed; layout/bench qualification pending","TI recommends 2.2 uH XFL3012-222MEC, 10 uF input and 22 uF X5R/X7R output. Two fitted 22 uF parts are 44 uF nominal, not 44 uF effective. Qualify effective capacitance at actual bias/temp/tolerance and converter stability."
W25Q128JVSIQ,Winbond,16MiB boot NOR,"128 Mbit serial NOR, 2.7-3.6 V",SOIC-8 5.3x5.3mm P1.27mm,Package_SO:SOIC-8_5.3x5.3mm_P1.27mm,1,1,1,1,1,1,1,1,U202,,,,,U202,PCB SMT; assembler acceptance pending,C113767,catalog_identity_verified_assembly_pending,https://www.lcsc.com/product-detail/C113767.html,jlc_smt_catalog_verified_order_acceptance_pending,https://jlcpcb.com/partdetail/WinbondElec-W25Q128JVSIQ/C113767,Economic and Standard,,https://pip-assets.raspberrypi.com/categories/1214-rp2350/documents/RP-008280-DS-1-hardware-design-with-rp2350.pdf | https://www.winbond.com/resource-files/w25q128jv%20revf%2003272018%20plus.pdf,Exact circuit MPN selected; procurement and operating qualification pending,Exact SI SOIC-8 208 mil package. Catalog C113767 selected; do not use a narrower SOIC-8 or alternate density.
XFL3012-222MEC,Coilcraft,2.2uH shielded,2.2 uH +/-20%; DCR 81 mOhm nominal / 97 mOhm maximum; Isat 1.0/1.3/1.6 A at 10/20/30% L drop,"Shielded SMT power inductor, 3 x 3 mm, 1.3 mm maximum height",KUI_Footprints:Coilcraft_XFL3012,2,2,2,2,2,2,2,2,"L20,L21",,,,,"L20,L21",PCB SMT; assembler acceptance pending,C3911432,catalog_identity_verified_assembly_pending,https://www.lcsc.com/product-detail/C3911432.html,jlc_smt_catalog_verified_order_acceptance_pending,https://jlcpcb.com/partdetail/Coilcraft-XFL3012222MEC/C3911432,Economic and Standard,,https://www.coilcraft.com/getmedia/f76a3c9b-4fff-4397-8028-ef8e043eb200/xfl3012.pdf | https://www.ti.com/lit/ds/symlink/tps62162.pdf,Coilcraft specification and TI recommended-inductor table reviewed; operating qualification pending,"Irms 1.4 A at 20 C rise / 1.9 A at 40 C rise. TI TPS6216x table recommends this exact inductor. At 5 V to 3.3 V and nominal 2.25 MHz, minimum 1.76 uH gives about 0.283 A peak-to-peak ripple (ideal inference). Test peak current/temperature and transients; do not assume full-load qualification."
