Comment,Designator,Footprint,LCSC Part #
046701.5NR,F20,KUI_Footprints:Fuse_0603_1608Metric,C99559
1040310811,J201,KUI_Footprints:microSD_HC_Molex_104031-0811,C585350
"2N7002,215","Q201,Q202",KUI_Footprints:SOT-23,C65189
ABM8-272-T3,X201,KUI_Footprints:Crystal_SMD_3225-4Pin_3.2x2.5mm,C20625731
AOTA-B201610S3R3-101-T,L201,KUI_Footprints:AOTA-B201610S3R3-101-T,C42411119
ASE-50.000MHZ-LC-T,X10,KUI_Footprints:Oscillator_SMD_Abracon_ASE-4Pin_3.2x2.5mm,C596955
CL05B103KB5NNNC,C119,KUI_Footprints:C_0402_1005Metric,C15195
CL05B104KO5NNNC,"C100,C101,C102,C103,C104,C105,C106,C107,C108,C109,C110",KUI_Footprints:C_0402_1005Metric,C1525
CL10A106MQ8NNNC,"C111,C112,C113,C114,C115,C116,C117,C118",KUI_Footprints:C_0603_1608Metric,C1691
FH12-20S-0.5SH(55),"J50,J51",KUI_Footprints:Hirose_FH12-20S-0.5SH_1x20-1MP_P0.50mm_Horizontal,C596730
GRM1555C1H150JA01D,"C2020,C2021",KUI_Footprints:C_0402_1005Metric,C76950
GRM155R60J475ME47D,"C2001,C2002,C2003",KUI_Footprints:C_0402_1005Metric,C82453
GRM155R61A105KE15D,C2023,KUI_Footprints:C_0402_1005Metric,C76999
GRM155R71C104KA88D,"C212,C213,C214,C215,C216,C217,C218,C219,C220,C221,C222,C223,C224,C225,C226,C227,C228,C229,C230,C231,C232,C233,C234",KUI_Footprints:C_0402_1005Metric,C71629
GRM155R71E104KE14D,"C2004,C2005,C2006,C2007,C2008,C2009,C2010,C2011,C2012,C2013,C2014,C2015,C2016,C2017,C2018,C2022,C2024,C2025,C2027,C2028,C2029,C2030,C2031,C2032,C2033,C2034,C2035",KUI_Footprints:C_0402_1005Metric,C77014
GRM21BR61A226ME51L,"C200,C201,C206,C207,C208,C209,C210,C211,C235,C236",KUI_Footprints:C_0805_2012Metric,C77074
GRM21BR61C106KE15L,"C2019,C2026,C2036",KUI_Footprints:C_0805_2012Metric,C77075
LCMXO2-2000HC-4TG100C,U10,KUI_Footprints:TQFP-100_14x14mm_P0.5mm,C1521632
"PMV48XP,215",Q20,KUI_Footprints:SOT-23,C75560
RC0402FR-07100KL,"R210,R269,R2021,R2022,R2023,R2025,R2030,R2031,R2032,R2033,R2034,R2036,R2037,R2040,R2041,R2043",KUI_Footprints:R_0402_1005Metric,C60491
RC0402FR-0710KL,"R205,R206,R207,R208,R211,R212,R213,R214,R215,R216,R217,R218,R219,R220,R221,R222,R264,R265,R266,R267,R268,R2005,R2020,R2024,R2026,R2027,R2028,R2029,R2035,R2042",KUI_Footprints:R_0402_1005Metric,C60490
RC0402FR-071KL,"R103,R2002,R2006",KUI_Footprints:R_0402_1005Metric,C106235
RC0402FR-071ML,R201,KUI_Footprints:R_0402_1005Metric,C138033
RC0402FR-0727RL,"R2038,R2039",KUI_Footprints:R_0402_1005Metric,C138021
RC0402FR-0733RL,"R110,R2001,R2009,R2010,R2012,R2014,R2016,R2018",KUI_Footprints:R_0402_1005Metric,C138002
RC0402FR-0747KL,"R200,R203,R204,R223,R224,R225,R226,R227,R228,R229,R230,R231,R232,R233,R234,R235,R236,R237,R238,R239,R240,R241,R242,R243,R244,R245,R246,R247,R248,R249,R250,R251,R252,R253,R254,R255,R256,R257,R258,R259,R260,R261,R262,R263,R2011,R2013,R2015,R2017,R2019",KUI_Footprints:R_0402_1005Metric,C93943
RC0402FR-074K7L,"R100,R101,R102,R104,R105,R106,R107,R108,R109,R111,R112,R2008",KUI_Footprints:R_0402_1005Metric,C105871
RC0402FR-07976KL,R209,KUI_Footprints:R_0402_1005Metric,C273699
RC0402JR-070RL,"R2003,R2004,R2007",KUI_Footprints:R_0402_1005Metric,C60485
RC0603FR-0710KL,R409,KUI_Footprints:R_0603_1608Metric,C98220
RC0603JR-070RL,R410,KUI_Footprints:R_0603_1608Metric,C95177
RP2350B,U201,KUI_Footprints:QFN-80-1EP_10x10mm_P0.4mm_EP3.4x3.4mm_ThermalVias,C9900138392
S7221-45R,"K201,K202,K203,K204,K205,K206,K207,K208,K209,K210,K211,K212,K213,K214,K215,K216",KUI_Footprints:Harwin_S7221-45R_BodyOrigin,C22445132
SN74AXC4T245PWR,"U204,U205,U207,U208",KUI_Footprints:TSSOP-16_4.4x5mm_P0.65mm,C2867798
SN74LVC16T245DGGR,U35,KUI_Footprints:TSSOP-48_6.1x12.5mm_P0.5mm,C148170
SN74LVC1G00DBVR,U209,KUI_Footprints:SOT-23-5,C7826
SN74LVC1G07DBVR,U70,KUI_Footprints:SOT-23-5,C7829
SN74LVC1G08DBVR,"U33,U34",KUI_Footprints:SOT-23-5,C7666
SN74LVC1G11DBVR,U30,KUI_Footprints:SOT-23-6,C22046
SN74LVC1G125DBVR,"U38,U39",KUI_Footprints:SOT-23-5,C23654
SN74LVC1G17DBVR,U37,KUI_Footprints:SOT-23-5,C7836
SN74LVC1G32DBVR,"U32,U72,U73",KUI_Footprints:SOT-23-5,C10096
SN74LVC244APWR,U36,KUI_Footprints:TSSOP-20_4.4x6.5mm_P0.65mm,C7668
SN74LVC2G04DBVT,U31,KUI_Footprints:SOT-23-6,C2860342
SN74LVC2G08DCUR,"U27,U28,U29",KUI_Footprints:VSSOP-8_2.3x2mm_P0.5mm,C91875
TPS2116DRLR,U20,KUI_Footprints:TI_DRL0008A,C3235557
TPS22919DCKR,U71,KUI_Footprints:SOT-363_SC-70-6,C2149796
TPS3808G01DBVR,U26,KUI_Footprints:SOT-23-6,C19653
TPS3808G33DBVR,"U23,U24,U25",KUI_Footprints:SOT-23-6,C43698
TPS62162DSGR,"U21,U22",KUI_Footprints:TI_DSG0008A,C40256
W25Q128JVSIQ,U202,KUI_Footprints:SOIC-8_5.3x5.3mm_P1.27mm,C113767
XFL3012-222MEC,"L20,L21",KUI_Footprints:Coilcraft_XFL3012,C3911432
