Designator,Mid X,Mid Y,Layer,Rotation
C100,6.2000,75.0000,Top,180.000
C101,6.2000,72.0000,Top,180.000
C102,6.2000,66.0000,Top,180.000
C103,10.0000,61.0000,Top,270.000
C104,20.0000,61.0000,Top,270.000
C105,22.0000,61.0000,Top,270.000
C106,26.0000,67.0000,Top,0.000
C107,26.0000,76.0000,Top,0.000
C108,20.0000,81.0000,Top,90.000
C109,13.5000,81.0000,Top,90.000
C110,10.0000,81.0000,Top,90.000
C111,12.0000,81.5000,Top,90.000
C112,14.0000,61.0000,Top,0.000
C113,5.5000,70.5000,Top,180.000
C114,26.0000,71.0000,Top,90.000
C115,7.0000,85.0000,Top,0.000
C116,2.0000,62.0000,Top,90.000
C117,29.0000,81.0000,Top,90.000
C118,17.5000,61.0000,Top,0.000
C119,32.0000,75.0000,Top,0.000
C200,54.0000,1.5000,Top,0.000
C2001,42.1000,78.0000,Top,90.000
C2002,46.5000,80.5000,Top,0.000
C2003,49.0000,78.5000,Top,0.000
C2004,43.3000,77.9000,Top,90.000
C2005,32.0000,73.2000,Top,180.000
C2006,32.0000,71.2000,Top,180.000
C2007,32.0000,69.2000,Top,180.000
C2008,36.6000,64.2500,Top,270.000
C2009,38.0000,64.2500,Top,270.000
C201,45.5000,9.0000,Top,90.000
C2010,40.8000,64.2500,Top,270.000
C2011,46.0000,67.2000,Top,0.000
C2012,46.0000,69.7000,Top,0.000
C2013,46.0000,71.2000,Top,0.000
C2014,46.0000,73.7000,Top,0.000
C2015,46.0000,75.2000,Top,0.000
C2016,40.9000,77.8000,Top,90.000
C2017,39.7000,77.8000,Top,90.000
C2018,37.3000,77.8000,Top,90.000
C2019,53.5000,78.5000,Top,0.000
C2020,36.0000,62.0000,Top,90.000
C2021,42.5000,60.0000,Top,90.000
C2022,38.5875,87.5875,Top,90.000
C2023,36.3850,79.4000,Top,0.000
C2024,36.0000,77.7500,Top,270.000
C2025,54.5000,98.0000,Top,90.000
C2026,56.0000,103.0000,Top,180.000
C2027,26.3250,93.4000,Top,90.000
C2028,32.0500,93.4000,Top,90.000
C2029,34.2250,87.6000,Top,270.000
C2030,34.2250,97.9000,Top,90.000
C2031,27.7250,56.8500,Top,270.000
C2032,27.7250,67.1500,Top,90.000
C2033,46.8525,85.7750,Top,180.000
C2034,57.1475,85.7750,Top,0.000
C2035,45.1850,84.6250,Top,0.000
C2036,57.5000,83.0000,Top,90.000
C206,44.5000,13.0000,Top,180.000
C207,56.0000,13.0000,Top,90.000
C208,53.0000,9.0000,Top,0.000
C209,34.5000,5.0000,Top,180.000
C210,45.5000,5.0000,Top,90.000
C211,42.0000,1.5000,Top,0.000
C212,25.0000,55.5000,Top,0.000
C213,54.5000,100.5000,Top,90.000
C214,24.5000,7.0000,Top,0.000
C215,46.0000,68.5000,Top,0.000
C216,42.0000,62.5000,Top,90.000
C217,45.0000,64.0000,Top,0.000
C218,1.0000,57.5000,Top,90.000
C219,26.0000,63.0000,Top,180.000
C220,9.5000,55.5000,Top,180.000
C221,42.5000,64.5000,Top,180.000
C222,33.5000,63.0000,Top,90.000
C223,32.0000,76.5000,Top,0.000
C224,57.7500,67.1675,Top,0.000
C225,57.7500,72.6675,Top,0.000
C226,46.0800,72.4500,Top,180.000
C227,46.0800,66.0500,Top,180.000
C228,34.7200,31.4050,Top,90.000
C229,34.0000,61.0000,Top,0.000
C230,8.0000,61.0000,Top,90.000
C231,27.0000,7.0000,Top,0.000
C232,25.5000,65.0000,Top,90.000
C233,24.0000,61.5000,Top,180.000
C234,20.5000,7.0000,Top,0.000
C235,37.5000,36.5000,Top,0.000
C236,33.5000,18.5000,Top,0.000
F20,54.0000,6.5000,Top,0.000
J201,47.0000,93.4125,Top,0.000
J50,38.5500,50.0000,Top,90.000
J51,38.5500,27.0000,Top,90.000
K201,21.6200,102.3280,Top,270.000
K202,19.0800,102.3280,Top,270.000
K203,16.5400,102.3280,Top,270.000
K204,14.0000,102.3280,Top,270.000
K205,11.4600,102.3280,Top,270.000
K206,8.9200,102.3280,Top,270.000
K207,6.3800,102.3280,Top,270.000
K208,6.3800,87.6720,Top,90.000
K209,8.9200,87.6720,Top,90.000
K210,11.4600,87.6720,Top,90.000
K211,14.0000,87.6720,Top,90.000
K212,16.5400,87.6720,Top,90.000
K213,19.0800,87.6720,Top,90.000
K214,21.6200,87.6720,Top,90.000
K215,15.0255,96.7956,Top,90.000
K216,20.1055,96.7956,Top,90.000
L20,52.5000,13.0000,Top,180.000
L201,46.0000,78.0775,Top,180.000
L21,42.0000,5.0000,Top,180.000
Q20,49.0000,8.5000,Top,0.000
Q201,41.5000,37.5000,Top,90.000
Q202,33.5000,22.0000,Top,90.000
R100,27.5000,72.5000,Top,90.000
R101,26.0000,68.5000,Top,180.000
R102,31.5000,67.5000,Top,90.000
R103,6.0000,73.5000,Top,180.000
R104,27.0000,74.5000,Top,180.000
R105,5.5000,68.5000,Top,90.000
R106,3.5000,82.5000,Top,180.000
R107,11.5000,59.0000,Top,90.000
R108,3.0000,72.0000,Top,90.000
R109,6.0000,79.5000,Top,0.000
R110,25.0000,81.0000,Top,90.000
R111,11.5000,56.5000,Top,90.000
R112,7.0000,55.5000,Top,180.000
R200,51.5000,1.5000,Top,90.000
R2001,41.5000,80.5000,Top,0.000
R2002,39.5000,64.2500,Top,270.000
R2003,38.5000,77.8000,Top,90.000
R2004,34.5000,56.5000,Top,90.000
R2005,27.5000,55.0000,Top,0.000
R2006,36.5000,59.0000,Top,0.000
R2007,57.5000,87.0000,Top,0.000
R2008,57.5000,80.5000,Top,0.000
R2009,36.0000,88.0000,Top,0.000
R201,45.5000,2.0000,Top,90.000
R2010,31.0000,96.5000,Top,180.000
R2011,34.0000,100.5000,Top,90.000
R2012,15.0000,81.0000,Top,90.000
R2013,31.0000,95.0000,Top,0.000
R2014,33.0000,96.0000,Top,90.000
R2015,6.5000,77.5000,Top,90.000
R2016,30.5000,103.0000,Top,90.000
R2017,34.0000,103.5000,Top,0.000
R2018,32.0000,103.5000,Top,90.000
R2019,55.0000,87.0000,Top,180.000
R2020,47.0000,104.0000,Top,0.000
R2021,53.0000,104.0000,Top,180.000
R2022,50.5000,80.0000,Top,0.000
R2023,50.5000,104.0000,Top,0.000
R2024,47.0000,84.0000,Top,90.000
R2025,41.5000,82.0000,Top,0.000
R2026,39.0000,79.5000,Top,0.000
R2027,44.5000,104.0000,Top,0.000
R2028,29.0000,85.5000,Top,90.000
R2029,42.0000,104.0000,Top,0.000
R203,48.0000,15.0000,Top,0.000
R2030,46.5000,82.0000,Top,0.000
R2031,4.0000,84.5000,Top,0.000
R2032,2.0000,84.5000,Top,90.000
R2033,2.5000,92.0000,Top,90.000
R2034,2.5000,89.5000,Top,90.000
R2035,2.0000,104.0000,Top,180.000
R2036,2.5000,94.5000,Top,90.000
R2037,2.5000,87.0000,Top,90.000
R2038,1.0000,87.0000,Top,90.000
R2039,1.0000,89.5000,Top,90.000
R204,38.0000,7.0000,Top,0.000
R2040,2.5000,97.0000,Top,90.000
R2041,1.0000,92.0000,Top,90.000
R2042,1.5000,72.0000,Top,90.000
R2043,2.5000,99.5000,Top,90.000
R205,41.0000,40.5000,Top,180.000
R206,2.5000,102.0000,Top,90.000
R207,41.5000,16.5000,Top,0.000
R208,1.0000,94.5000,Top,90.000
R209,1.5000,70.0000,Top,180.000
R210,1.0000,97.0000,Top,90.000
R211,1.0000,99.5000,Top,90.000
R212,25.5000,103.5000,Top,90.000
R213,1.0000,102.0000,Top,90.000
R214,1.5000,48.0000,Top,0.000
R215,4.5000,43.0000,Top,0.000
R216,1.5000,45.5000,Top,0.000
R217,3.0000,39.5000,Top,0.000
R218,2.0000,42.5000,Top,0.000
R219,4.5000,41.5000,Top,0.000
R220,2.0000,41.0000,Top,0.000
R221,1.5000,44.0000,Top,0.000
R222,5.0000,39.5000,Top,90.000
R223,25.0000,21.0000,Top,0.000
R224,9.0000,21.5000,Top,180.000
R225,1.0000,33.5000,Top,90.000
R226,26.0000,23.0000,Top,90.000
R227,1.0000,31.0000,Top,90.000
R228,33.5000,9.5000,Top,180.000
R229,1.0000,28.5000,Top,90.000
R230,29.5000,11.0000,Top,0.000
R231,34.0000,11.5000,Top,90.000
R232,38.5000,10.5000,Top,0.000
R233,29.5000,15.0000,Top,180.000
R234,7.0000,7.0000,Top,0.000
R235,36.0000,10.5000,Top,0.000
R236,36.5000,9.0000,Top,0.000
R237,39.0000,18.0000,Top,0.000
R238,36.0000,15.5000,Top,0.000
R239,41.5000,18.0000,Top,0.000
R240,33.5000,8.0000,Top,0.000
R241,32.5000,16.0000,Top,90.000
R242,39.0000,9.0000,Top,0.000
R243,39.0000,16.5000,Top,0.000
R244,32.0000,12.5000,Top,0.000
R245,41.5000,10.5000,Top,0.000
R246,29.5000,8.0000,Top,0.000
R247,43.5000,10.5000,Top,90.000
R248,38.5000,15.0000,Top,0.000
R249,32.0000,14.0000,Top,0.000
R250,41.0000,15.0000,Top,0.000
R251,29.5000,9.5000,Top,0.000
R252,1.5000,19.0000,Top,90.000
R253,34.0000,14.0000,Top,90.000
R254,43.5000,15.0000,Top,0.000
R255,58.0000,14.5000,Top,90.000
R256,41.5000,13.5000,Top,0.000
R257,39.0000,13.5000,Top,0.000
R258,58.0000,12.0000,Top,90.000
R259,36.5000,13.5000,Top,0.000
R260,41.5000,12.0000,Top,0.000
R261,49.5000,11.0000,Top,0.000
R262,39.0000,12.0000,Top,0.000
R263,32.0000,11.0000,Top,0.000
R264,29.5000,12.5000,Top,0.000
R265,2.0000,7.5000,Top,0.000
R266,7.0000,5.5000,Top,0.000
R267,9.5000,7.0000,Top,0.000
R268,31.5000,9.0000,Top,90.000
R269,36.5000,12.0000,Top,0.000
R409,4.0000,10.0000,Top,0.000
R410,3.0000,18.5000,Top,90.000
U10,16.0000,71.0000,Top,0.000
U20,49.5000,5.0000,Top,0.000
U201,39.1875,71.0000,Top,0.000
U202,35.0000,83.4475,Top,0.000
U203,33.5000,78.5000,Top,0.000
U204,29.1875,89.5000,Top,0.000
U205,36.5000,92.9375,Top,90.000
U207,30.0000,62.1875,Top,90.000
U208,52.1875,83.5000,Top,0.000
U209,42.0000,84.4125,Top,0.000
U21,48.0000,12.9975,Top,0.000
U22,38.0000,4.9975,Top,0.000
U23,25.0875,58.5000,Top,90.000
U24,56.5000,95.0875,Top,180.000
U25,29.0000,22.4125,Top,0.000
U26,23.5000,83.9125,Top,0.000
U27,31.0000,55.9175,Top,0.000
U28,21.5825,57.5000,Top,90.000
U29,4.0825,46.0000,Top,90.000
U30,3.0875,67.0000,Top,90.000
U31,5.0000,62.4125,Top,0.000
U32,19.0000,83.9125,Top,0.000
U33,8.5000,57.9125,Top,0.000
U34,37.0000,98.9125,Top,0.000
U35,51.9000,69.9175,Top,0.000
U36,30.1875,28.0000,Top,0.000
U37,37.5000,39.4125,Top,0.000
U38,23.5000,32.4125,Top,0.000
U39,4.0000,58.4125,Top,0.000
U70,14.5000,32.4125,Top,0.000
U71,32.5000,32.9150,Top,0.000
U72,3.0875,75.5000,Top,90.000
U73,2.5000,79.9125,Top,0.000
X10,7.0000,82.0000,Top,0.000
X201,39.5000,61.0000,Top,270.000
