ata_signal,cn503_contact,standard_ide_pin,ic501_pin,ic501_function,status
ATA_DD0,B11,17,15,Q0,SCHEMATIC CANDIDATE - CONTINUITY PENDING
ATA_DD1,A11,15,17,Q1,SCHEMATIC CANDIDATE - CONTINUITY PENDING
ATA_DD2,B9,13,19,Q2,SCHEMATIC CANDIDATE - CONTINUITY PENDING
ATA_DD3,A9,11,21,Q3,SCHEMATIC CANDIDATE - CONTINUITY PENDING
ATA_DD4,B6,9,24,Q4,SCHEMATIC CANDIDATE - CONTINUITY PENDING
ATA_DD5,A6,7,26,Q5,SCHEMATIC CANDIDATE - CONTINUITY PENDING
ATA_DD6,B4,5,28,Q6,SCHEMATIC CANDIDATE - CONTINUITY PENDING
ATA_DD7,A4,3,30,Q7,SCHEMATIC CANDIDATE - CONTINUITY PENDING
ATA_DD8,A5,4,31,Q15/A-1,SCHEMATIC CANDIDATE - CONTINUITY PENDING
ATA_DD9,B5,6,11,A0,SCHEMATIC CANDIDATE - CONTINUITY PENDING
ATA_DD10,A7,8,10,A1,SCHEMATIC CANDIDATE - CONTINUITY PENDING
ATA_DD11,B7,10,9,A2,SCHEMATIC CANDIDATE - CONTINUITY PENDING
ATA_DD12,A10,12,8,A3,SCHEMATIC CANDIDATE - CONTINUITY PENDING
ATA_DD13,B10,14,7,A4,SCHEMATIC CANDIDATE - CONTINUITY PENDING
ATA_DD14,A12,16,6,A5,SCHEMATIC CANDIDATE - CONTINUITY PENDING
ATA_DD15,B12,18,5,A6,SCHEMATIC CANDIDATE - CONTINUITY PENDING
ATA_DA0,A19,35,4,A7,SCHEMATIC CANDIDATE - CONTINUITY PENDING
ATA_DA1,B17,33,42,A8,SCHEMATIC CANDIDATE - CONTINUITY PENDING
ATA_DA2,B19,36,41,A9,SCHEMATIC CANDIDATE - CONTINUITY PENDING
ATA_CS0n,A20,37,,,SEPARATE CONTROL TAP REQUIRED
ATA_CS1n,B20,38,,,SEPARATE CONTROL TAP REQUIRED
ATA_DIORn,A15,25,14,G / OE#,SCHEMATIC CANDIDATE - CONTINUITY PENDING
ATA_DIOWn,B14,23,,,SEPARATE CONTROL TAP REQUIRED
ATA_RESETn,A2,1,,,SEPARATE CONTROL TAP REQUIRED
ATA_IORDY,B15,27,,,SEPARATE CONTROL TAP REQUIRED
ATA_INTRQ,B16,31,,,SEPARATE CONTROL TAP REQUIRED
ATA_DMARQ,A14,21,,,SEPARATE CONTROL TAP REQUIRED
ATA_DMACKn,A16,29,,,SEPARATE CONTROL TAP REQUIRED
