Designator,Mid X,Mid Y,Rotation,Layer,Populate,Qualified
C100,6.20000mm,30.00000mm,180.0,top,yes,NO
C101,6.20000mm,33.00000mm,180.0,top,yes,NO
C102,6.20000mm,39.00000mm,180.0,top,yes,NO
C103,10.00000mm,44.00000mm,-90.0,top,yes,NO
C104,20.00000mm,44.00000mm,-90.0,top,yes,NO
C105,22.00000mm,44.00000mm,-90.0,top,yes,NO
C106,26.00000mm,38.00000mm,0.0,top,yes,NO
C107,26.00000mm,29.00000mm,0.0,top,yes,NO
C108,20.00000mm,24.00000mm,90.0,top,yes,NO
C109,13.50000mm,24.00000mm,90.0,top,yes,NO
C110,10.00000mm,24.00000mm,90.0,top,yes,NO
C111,12.00000mm,23.50000mm,90.0,top,yes,NO
C112,14.00000mm,44.00000mm,0.0,top,yes,NO
C113,5.50000mm,34.50000mm,180.0,top,yes,NO
C114,26.00000mm,34.00000mm,90.0,top,yes,NO
C115,7.00000mm,20.00000mm,0.0,top,yes,NO
C116,2.00000mm,43.00000mm,90.0,top,yes,NO
C117,29.00000mm,24.00000mm,90.0,top,yes,NO
C118,17.50000mm,44.00000mm,0.0,top,yes,NO
C119,32.00000mm,30.00000mm,0.0,top,yes,NO
C200,54.00000mm,103.50000mm,0.0,top,yes,NO
C2001,42.10000mm,27.00000mm,90.0,top,yes,NO
C2002,46.50000mm,24.50000mm,0.0,top,yes,NO
C2003,49.00000mm,26.50000mm,0.0,top,yes,NO
C2004,43.30000mm,27.10000mm,90.0,top,yes,NO
C2005,32.00000mm,31.80000mm,180.0,top,yes,NO
C2006,32.00000mm,33.80000mm,180.0,top,yes,NO
C2007,32.00000mm,35.80000mm,180.0,top,yes,NO
C2008,36.60000mm,40.75000mm,-90.0,top,yes,NO
C2009,38.00000mm,40.75000mm,-90.0,top,yes,NO
C201,45.50000mm,96.00000mm,90.0,top,yes,NO
C2010,40.80000mm,40.75000mm,-90.0,top,yes,NO
C2011,46.00000mm,37.80000mm,0.0,top,yes,NO
C2012,46.00000mm,35.30000mm,0.0,top,yes,NO
C2013,46.00000mm,33.80000mm,0.0,top,yes,NO
C2014,46.00000mm,31.30000mm,0.0,top,yes,NO
C2015,46.00000mm,29.80000mm,0.0,top,yes,NO
C2016,40.90000mm,27.20000mm,90.0,top,yes,NO
C2017,39.70000mm,27.20000mm,90.0,top,yes,NO
C2018,37.30000mm,27.20000mm,90.0,top,yes,NO
C2019,53.50000mm,26.50000mm,0.0,top,yes,NO
C2020,36.00000mm,43.00000mm,90.0,top,yes,NO
C2021,42.50000mm,45.00000mm,90.0,top,yes,NO
C2022,38.58750mm,17.41250mm,90.0,top,yes,NO
C2023,36.38500mm,25.60000mm,0.0,top,yes,NO
C2024,36.00000mm,27.25000mm,-90.0,top,yes,NO
C2025,54.50000mm,7.00000mm,90.0,top,yes,NO
C2026,56.00000mm,2.00000mm,180.0,top,yes,NO
C2027,26.32500mm,11.60000mm,90.0,top,yes,NO
C2028,32.05000mm,11.60000mm,90.0,top,yes,NO
C2029,34.22500mm,17.40000mm,-90.0,top,yes,NO
C2030,34.22500mm,7.10000mm,90.0,top,yes,NO
C2031,27.72500mm,48.15000mm,-90.0,top,yes,NO
C2032,27.72500mm,37.85000mm,90.0,top,yes,NO
C2033,46.85250mm,19.22500mm,180.0,top,yes,NO
C2034,57.14750mm,19.22500mm,0.0,top,yes,NO
C2035,45.18500mm,20.37500mm,0.0,top,yes,NO
C2036,57.50000mm,22.00000mm,90.0,top,yes,NO
C206,44.50000mm,92.00000mm,180.0,top,yes,NO
C207,56.00000mm,92.00000mm,90.0,top,yes,NO
C208,53.00000mm,96.00000mm,0.0,top,yes,NO
C209,34.50000mm,100.00000mm,180.0,top,yes,NO
C210,45.50000mm,100.00000mm,90.0,top,yes,NO
C211,42.00000mm,103.50000mm,0.0,top,yes,NO
C212,25.00000mm,49.50000mm,0.0,top,yes,NO
C213,54.50000mm,4.50000mm,90.0,top,yes,NO
C214,24.50000mm,98.00000mm,0.0,top,yes,NO
C215,46.00000mm,36.50000mm,0.0,top,yes,NO
C216,42.00000mm,42.50000mm,90.0,top,yes,NO
C217,45.00000mm,41.00000mm,0.0,top,yes,NO
C218,1.00000mm,47.50000mm,90.0,top,yes,NO
C219,26.00000mm,42.00000mm,180.0,top,yes,NO
C220,9.50000mm,49.50000mm,180.0,top,yes,NO
C221,42.50000mm,40.50000mm,180.0,top,yes,NO
C222,33.50000mm,42.00000mm,90.0,top,yes,NO
C223,32.00000mm,28.50000mm,0.0,top,yes,NO
C224,57.75000mm,37.83250mm,0.0,top,yes,NO
C225,57.75000mm,32.33250mm,0.0,top,yes,NO
C226,46.08000mm,32.55000mm,180.0,top,yes,NO
C227,46.08000mm,38.95000mm,180.0,top,yes,NO
C228,34.72000mm,73.59500mm,90.0,top,yes,NO
C229,34.00000mm,44.00000mm,0.0,top,yes,NO
C230,8.00000mm,44.00000mm,90.0,top,yes,NO
C231,27.00000mm,98.00000mm,0.0,top,yes,NO
C232,25.50000mm,40.00000mm,90.0,top,yes,NO
C233,24.00000mm,43.50000mm,180.0,top,yes,NO
C234,20.50000mm,98.00000mm,0.0,top,yes,NO
C235,37.50000mm,68.50000mm,0.0,top,yes,NO
C236,33.50000mm,86.50000mm,0.0,top,yes,NO
F20,54.00000mm,98.50000mm,0.0,top,yes,NO
J201,47.00000mm,11.58750mm,0.0,top,yes,NO
J50,38.55000mm,55.00000mm,90.0,top,yes,NO
J51,38.55000mm,78.00000mm,90.0,top,yes,NO
K201,21.62000mm,2.67200mm,-90.0,top,yes,NO
K202,19.08000mm,2.67200mm,-90.0,top,yes,NO
K203,16.54000mm,2.67200mm,-90.0,top,yes,NO
K204,14.00000mm,2.67200mm,-90.0,top,yes,NO
K205,11.46000mm,2.67200mm,-90.0,top,yes,NO
K206,8.92000mm,2.67200mm,-90.0,top,yes,NO
K207,6.38000mm,2.67200mm,-90.0,top,yes,NO
K208,6.38000mm,17.32800mm,90.0,top,yes,NO
K209,8.92000mm,17.32800mm,90.0,top,yes,NO
K210,11.46000mm,17.32800mm,90.0,top,yes,NO
K211,14.00000mm,17.32800mm,90.0,top,yes,NO
K212,16.54000mm,17.32800mm,90.0,top,yes,NO
K213,19.08000mm,17.32800mm,90.0,top,yes,NO
K214,21.62000mm,17.32800mm,90.0,top,yes,NO
K215,15.02550mm,8.20440mm,90.0,top,yes,NO
K216,20.10550mm,8.20440mm,90.0,top,yes,NO
L20,52.50000mm,92.00000mm,180.0,top,yes,NO
L201,46.00000mm,26.92250mm,180.0,top,yes,NO
L21,42.00000mm,100.00000mm,180.0,top,yes,NO
Q20,49.00000mm,96.50000mm,0.0,top,yes,NO
Q201,41.50000mm,67.50000mm,90.0,top,yes,NO
Q202,33.50000mm,83.00000mm,90.0,top,yes,NO
R100,27.50000mm,32.50000mm,90.0,top,yes,NO
R101,26.00000mm,36.50000mm,180.0,top,yes,NO
R102,31.50000mm,37.50000mm,90.0,top,yes,NO
R103,6.00000mm,31.50000mm,180.0,top,yes,NO
R104,27.00000mm,30.50000mm,180.0,top,yes,NO
R105,5.50000mm,36.50000mm,90.0,top,yes,NO
R106,3.50000mm,22.50000mm,180.0,top,yes,NO
R107,11.50000mm,46.00000mm,90.0,top,yes,NO
R108,3.00000mm,33.00000mm,90.0,top,yes,NO
R109,6.00000mm,25.50000mm,0.0,top,yes,NO
R110,25.00000mm,24.00000mm,90.0,top,yes,NO
R111,11.50000mm,48.50000mm,90.0,top,yes,NO
R112,7.00000mm,49.50000mm,180.0,top,yes,NO
R200,51.50000mm,103.50000mm,90.0,top,yes,NO
R2001,41.50000mm,24.50000mm,0.0,top,yes,NO
R2002,39.50000mm,40.75000mm,-90.0,top,yes,NO
R2003,38.50000mm,27.20000mm,90.0,top,yes,NO
R2004,34.50000mm,48.50000mm,90.0,top,yes,NO
R2005,27.50000mm,50.00000mm,0.0,top,yes,NO
R2006,36.50000mm,46.00000mm,0.0,top,yes,NO
R2007,57.50000mm,18.00000mm,0.0,top,yes,NO
R2008,57.50000mm,24.50000mm,0.0,top,yes,NO
R2009,36.00000mm,17.00000mm,0.0,top,yes,NO
R201,45.50000mm,103.00000mm,90.0,top,yes,NO
R2010,31.00000mm,8.50000mm,180.0,top,yes,NO
R2011,34.00000mm,4.50000mm,90.0,top,yes,NO
R2012,15.00000mm,24.00000mm,90.0,top,yes,NO
R2013,31.00000mm,10.00000mm,0.0,top,yes,NO
R2014,33.00000mm,9.00000mm,90.0,top,yes,NO
R2015,6.50000mm,27.50000mm,90.0,top,yes,NO
R2016,30.50000mm,2.00000mm,90.0,top,yes,NO
R2017,34.00000mm,1.50000mm,0.0,top,yes,NO
R2018,32.00000mm,1.50000mm,90.0,top,yes,NO
R2019,55.00000mm,18.00000mm,180.0,top,yes,NO
R2020,47.00000mm,1.00000mm,0.0,top,yes,NO
R2021,53.00000mm,1.00000mm,180.0,top,yes,NO
R2022,50.50000mm,25.00000mm,0.0,top,yes,NO
R2023,50.50000mm,1.00000mm,0.0,top,yes,NO
R2024,47.00000mm,21.00000mm,90.0,top,yes,NO
R2025,41.50000mm,23.00000mm,0.0,top,yes,NO
R2026,39.00000mm,25.50000mm,0.0,top,yes,NO
R2027,44.50000mm,1.00000mm,0.0,top,yes,NO
R2028,29.00000mm,19.50000mm,90.0,top,yes,NO
R2029,42.00000mm,1.00000mm,0.0,top,yes,NO
R203,48.00000mm,90.00000mm,0.0,top,yes,NO
R2030,46.50000mm,23.00000mm,0.0,top,yes,NO
R2031,4.00000mm,20.50000mm,0.0,top,yes,NO
R2032,2.00000mm,20.50000mm,90.0,top,yes,NO
R2033,2.50000mm,13.00000mm,90.0,top,yes,NO
R2034,2.50000mm,15.50000mm,90.0,top,yes,NO
R2035,2.00000mm,1.00000mm,180.0,top,yes,NO
R2036,2.50000mm,10.50000mm,90.0,top,yes,NO
R2037,2.50000mm,18.00000mm,90.0,top,yes,NO
R2038,1.00000mm,18.00000mm,90.0,top,yes,NO
R2039,1.00000mm,15.50000mm,90.0,top,yes,NO
R204,38.00000mm,98.00000mm,0.0,top,yes,NO
R2040,2.50000mm,8.00000mm,90.0,top,yes,NO
R2041,1.00000mm,13.00000mm,90.0,top,yes,NO
R2042,1.50000mm,33.00000mm,90.0,top,yes,NO
R2043,2.50000mm,5.50000mm,90.0,top,yes,NO
R205,41.00000mm,64.50000mm,180.0,top,yes,NO
R206,2.50000mm,3.00000mm,90.0,top,yes,NO
R207,41.50000mm,88.50000mm,0.0,top,yes,NO
R208,1.00000mm,10.50000mm,90.0,top,yes,NO
R209,1.50000mm,35.00000mm,180.0,top,yes,NO
R210,1.00000mm,8.00000mm,90.0,top,yes,NO
R211,1.00000mm,5.50000mm,90.0,top,yes,NO
R212,25.50000mm,1.50000mm,90.0,top,yes,NO
R213,1.00000mm,3.00000mm,90.0,top,yes,NO
R214,1.50000mm,57.00000mm,0.0,top,yes,NO
R215,4.50000mm,62.00000mm,0.0,top,yes,NO
R216,1.50000mm,59.50000mm,0.0,top,yes,NO
R217,3.00000mm,65.50000mm,0.0,top,yes,NO
R218,2.00000mm,62.50000mm,0.0,top,yes,NO
R219,4.50000mm,63.50000mm,0.0,top,yes,NO
R220,2.00000mm,64.00000mm,0.0,top,yes,NO
R221,1.50000mm,61.00000mm,0.0,top,yes,NO
R222,5.00000mm,65.50000mm,90.0,top,yes,NO
R223,25.00000mm,84.00000mm,0.0,top,yes,NO
R224,9.00000mm,83.50000mm,180.0,top,yes,NO
R225,1.00000mm,71.50000mm,90.0,top,yes,NO
R226,26.00000mm,82.00000mm,90.0,top,yes,NO
R227,1.00000mm,74.00000mm,90.0,top,yes,NO
R228,33.50000mm,95.50000mm,180.0,top,yes,NO
R229,1.00000mm,76.50000mm,90.0,top,yes,NO
R230,29.50000mm,94.00000mm,0.0,top,yes,NO
R231,34.00000mm,93.50000mm,90.0,top,yes,NO
R232,38.50000mm,94.50000mm,0.0,top,yes,NO
R233,29.50000mm,90.00000mm,180.0,top,yes,NO
R234,7.00000mm,98.00000mm,0.0,top,yes,NO
R235,36.00000mm,94.50000mm,0.0,top,yes,NO
R236,36.50000mm,96.00000mm,0.0,top,yes,NO
R237,39.00000mm,87.00000mm,0.0,top,yes,NO
R238,36.00000mm,89.50000mm,0.0,top,yes,NO
R239,41.50000mm,87.00000mm,0.0,top,yes,NO
R240,33.50000mm,97.00000mm,0.0,top,yes,NO
R241,32.50000mm,89.00000mm,90.0,top,yes,NO
R242,39.00000mm,96.00000mm,0.0,top,yes,NO
R243,39.00000mm,88.50000mm,0.0,top,yes,NO
R244,32.00000mm,92.50000mm,0.0,top,yes,NO
R245,41.50000mm,94.50000mm,0.0,top,yes,NO
R246,29.50000mm,97.00000mm,0.0,top,yes,NO
R247,43.50000mm,94.50000mm,90.0,top,yes,NO
R248,38.50000mm,90.00000mm,0.0,top,yes,NO
R249,32.00000mm,91.00000mm,0.0,top,yes,NO
R250,41.00000mm,90.00000mm,0.0,top,yes,NO
R251,29.50000mm,95.50000mm,0.0,top,yes,NO
R252,1.50000mm,86.00000mm,90.0,top,yes,NO
R253,34.00000mm,91.00000mm,90.0,top,yes,NO
R254,43.50000mm,90.00000mm,0.0,top,yes,NO
R255,58.00000mm,90.50000mm,90.0,top,yes,NO
R256,41.50000mm,91.50000mm,0.0,top,yes,NO
R257,39.00000mm,91.50000mm,0.0,top,yes,NO
R258,58.00000mm,93.00000mm,90.0,top,yes,NO
R259,36.50000mm,91.50000mm,0.0,top,yes,NO
R260,41.50000mm,93.00000mm,0.0,top,yes,NO
R261,49.50000mm,94.00000mm,0.0,top,yes,NO
R262,39.00000mm,93.00000mm,0.0,top,yes,NO
R263,32.00000mm,94.00000mm,0.0,top,yes,NO
R264,29.50000mm,92.50000mm,0.0,top,yes,NO
R265,2.00000mm,97.50000mm,0.0,top,yes,NO
R266,7.00000mm,99.50000mm,0.0,top,yes,NO
R267,9.50000mm,98.00000mm,0.0,top,yes,NO
R268,31.50000mm,96.00000mm,90.0,top,yes,NO
R269,36.50000mm,93.00000mm,0.0,top,yes,NO
R409,4.00000mm,95.00000mm,0.0,top,yes,NO
R410,3.00000mm,86.50000mm,90.0,top,yes,NO
U10,16.00000mm,34.00000mm,0.0,top,yes,NO
U20,49.50000mm,100.00000mm,0.0,top,yes,NO
U201,39.18750mm,34.00000mm,0.0,top,yes,NO
U202,35.00000mm,21.55250mm,0.0,top,yes,NO
U203,33.50000mm,26.50000mm,0.0,top,yes,NO
U204,29.18750mm,15.50000mm,0.0,top,yes,NO
U205,36.50000mm,12.06250mm,90.0,top,yes,NO
U207,30.00000mm,42.81250mm,90.0,top,yes,NO
U208,52.18750mm,21.50000mm,0.0,top,yes,NO
U209,42.00000mm,20.58750mm,0.0,top,yes,NO
U21,48.00000mm,92.00250mm,0.0,top,yes,NO
U22,38.00000mm,100.00250mm,0.0,top,yes,NO
U23,25.08750mm,46.50000mm,90.0,top,yes,NO
U24,56.50000mm,9.91250mm,180.0,top,yes,NO
U25,29.00000mm,82.58750mm,0.0,top,yes,NO
U26,23.50000mm,21.08750mm,0.0,top,yes,NO
U27,31.00000mm,49.08250mm,0.0,top,yes,NO
U28,21.58250mm,47.50000mm,90.0,top,yes,NO
U29,4.08250mm,59.00000mm,90.0,top,yes,NO
U30,3.08750mm,38.00000mm,90.0,top,yes,NO
U31,5.00000mm,42.58750mm,0.0,top,yes,NO
U32,19.00000mm,21.08750mm,0.0,top,yes,NO
U33,8.50000mm,47.08750mm,0.0,top,yes,NO
U34,37.00000mm,6.08750mm,0.0,top,yes,NO
U35,51.90000mm,35.08250mm,0.0,top,yes,NO
U36,30.18750mm,77.00000mm,0.0,top,yes,NO
U37,37.50000mm,65.58750mm,0.0,top,yes,NO
U38,23.50000mm,72.58750mm,0.0,top,yes,NO
U39,4.00000mm,46.58750mm,0.0,top,yes,NO
U70,14.50000mm,72.58750mm,0.0,top,yes,NO
U71,32.50000mm,72.08500mm,0.0,top,yes,NO
U72,3.08750mm,29.50000mm,90.0,top,yes,NO
U73,2.50000mm,25.08750mm,0.0,top,yes,NO
X10,7.00000mm,23.00000mm,0.0,top,yes,NO
X201,39.50000mm,44.00000mm,-90.0,top,yes,NO
