Ref,Physical pin,Lattice function,Bank,Dual function,Net,Direction,Voltage
U10,1,PL2A,5,L_GPLLT_IN,LINK_D0,bidirectional,3.3 V
U10,2,PL2B,5,L_GPLLC_IN,LINK_D1,bidirectional,3.3 V
U10,3,PL3A,5,PCLKT5_0,NO_CONNECT,bidirectional,3.3 V
U10,4,PL3B,5,PCLKC5_0,LINK_D2,bidirectional,3.3 V
U10,5,VCCIO5,5,-,+3V3_LOGIC,power_in,3.3 V
U10,6,GND,-,-,GND,power_in,3.3 V
U10,7,PL4A,5,-,LINK_D3,bidirectional,3.3 V
U10,8,PL4B,5,-,LINK_D4,bidirectional,3.3 V
U10,9,PL5A,5,-,LINK_D5,bidirectional,3.3 V
U10,10,PL5B,5,-,LINK_D6,bidirectional,3.3 V
U10,11,VCCIO4,4,-,+3V3_LOGIC,power_in,3.3 V
U10,12,PL7C,4,PCLKT4_0,LINK_D7,bidirectional,3.3 V
U10,13,PL7D,4,PCLKC4_0,LINK_WRn,input,3.3 V
U10,14,PL9A,4,-,LINK_RDn,input,3.3 V
U10,15,PL9B,4,-,LINK_A0,input,3.3 V
U10,16,PL10A,4,-,LINK_A1,input,3.3 V
U10,17,PL10B,4,-,LINK_IRQ,output,3.3 V
U10,18,PL11A,3,-,LINK_READY,output,3.3 V
U10,19,PL11B,3,-,FPGA_RESETn,input,3.3 V
U10,20,PL12A,3,PCLKT3_0,FPGA_CLK50,input,3.3 V
U10,21,PL12B,3,PCLKC3_0,BRIDGE_ARM,input,3.3 V
U10,22,GND,-,-,GND,power_in,3.3 V
U10,23,VCCIO3,3,-,+3V3_LOGIC,power_in,3.3 V
U10,24,PL14A,3,-,BUS_SAFE,input,3.3 V
U10,25,PL14B,3,-,PWR_FAILn,input,3.3 V
U10,26,VCCIO2,2,-,+3V3_LOGIC,power_in,3.3 V
U10,27,PB5A,2,CSSPIN,FPGA_CSSPIN,bidirectional,3.3 V
U10,28,PB5B,2,-,BUS_DA0,input,3.3 V
U10,29,PB6A,2,-,BUS_DA1,input,3.3 V
U10,30,PB6B,2,-,BUS_DA2,input,3.3 V
U10,31,PB8A,2,MCLK/CCLK,NO_CONNECT,bidirectional,3.3 V
U10,32,PB8B,2,SO/SPISO,NO_CONNECT,bidirectional,3.3 V
U10,33,GND,-,-,GND,power_in,3.3 V
U10,34,PB11A,2,PCLKT2_0,BUS_CS0n,input,3.3 V
U10,35,PB11B,2,PCLKC2_0,BUS_CS1n,input,3.3 V
U10,36,PB12A,2,-,BUS_DIORn,input,3.3 V
U10,37,PB12B,2,-,BUS_DIOWn,input,3.3 V
U10,38,PB16A,2,PCLKT2_1,BUS_RESETn,input,3.3 V
U10,39,PB16B,2,PCLKC2_1,BUS_DMACKn,input,3.3 V
U10,40,PB18A,2,-,REQ_INTRQ_OEn,output,3.3 V
U10,41,PB18B,2,-,REQ_DMARQ_OEn,output,3.3 V
U10,42,PB21A,2,-,NO_CONNECT,bidirectional,3.3 V
U10,43,PB21B,2,-,NO_CONNECT,bidirectional,3.3 V
U10,44,GND,-,-,GND,power_in,3.3 V
U10,45,PB22A,2,-,NO_CONNECT,bidirectional,3.3 V
U10,46,VCCIO2,2,-,+3V3_LOGIC,power_in,3.3 V
U10,47,PB22B,2,-,NO_CONNECT,bidirectional,3.3 V
U10,48,PB25A,2,SN,FPGA_SN,bidirectional,3.3 V
U10,49,PB25B,2,SI/SISPI,NO_CONNECT,bidirectional,3.3 V
U10,50,VCC,-,-,+3V3_LOGIC,power_in,3.3 V
U10,51,PR14B,1,-,BUS_DD0,bidirectional,3.3 V
U10,52,PR14A,1,-,BUS_DD1,bidirectional,3.3 V
U10,53,PR12B,1,-,BUS_DD2,bidirectional,3.3 V
U10,54,PR12A,1,-,BUS_DD3,bidirectional,3.3 V
U10,55,VCCIO1,1,-,+3V3_LOGIC,power_in,3.3 V
U10,56,GND,-,-,GND,power_in,3.3 V
U10,57,PR11B,1,-,BUS_DD4,bidirectional,3.3 V
U10,58,PR11A,1,-,BUS_DD5,bidirectional,3.3 V
U10,59,PR10B,1,-,BUS_DD6,bidirectional,3.3 V
U10,60,PR10A,1,-,BUS_DD7,bidirectional,3.3 V
U10,61,PR9A,1,-,BUS_DD8,bidirectional,3.3 V
U10,62,PR7B,1,PCLKC1_0,BUS_DD9,bidirectional,3.3 V
U10,63,PR7A,1,PCLKT1_0,BUS_DD10,bidirectional,3.3 V
U10,64,PR6B,1,-,BUS_DD11,bidirectional,3.3 V
U10,65,PR6A,1,-,BUS_DD12,bidirectional,3.3 V
U10,66,PR5B,1,-,BUS_DD13,bidirectional,3.3 V
U10,67,PR5A,1,-,BUS_DD14,bidirectional,3.3 V
U10,68,PR4B,1,-,BUS_DD15,bidirectional,3.3 V
U10,69,PR4A,1,-,REQ_DATA_OEn,output,3.3 V
U10,70,PR3B,1,-,DATA_DIR,output,3.3 V
U10,71,PR3A,1,-,REQ_IORDY_LOW,output,3.3 V
U10,72,GND,-,-,GND,power_in,3.3 V
U10,73,VCCIO1,1,-,+3V3_LOGIC,power_in,3.3 V
U10,74,PR1B,1,-,REQ_INTRQ,output,3.3 V
U10,75,PR1A,1,-,REQ_DMARQ,output,3.3 V
U10,76,PT24D,0,DONE,FPGA_DONE,bidirectional,3.3 V
U10,77,PT24C,0,INITN,FPGA_INITn,bidirectional,3.3 V
U10,78,PT22A,0,-,BIOS_BANK0,output,3.3 V
U10,79,GND,-,-,GND,power_in,3.3 V
U10,80,VCCIO0,0,-,+3V3_LOGIC,power_in,3.3 V
U10,81,PT20D,0,PROGRAMN,FPGA_PROGRAMn,input,3.3 V
U10,82,PT20C,0,JTAGENB,FPGA_JTAGEN,input,3.3 V
U10,83,PT19B,0,-,BIOS_BANK1,output,3.3 V
U10,84,PT19A,0,-,BIOS_WR_EN,output,3.3 V
U10,85,PT18D,0,SDA/PCLKC0_0,FPGA_SDA,bidirectional,3.3 V
U10,86,PT18C,0,SCL/PCLKT0_0,FPGA_SCL,bidirectional,3.3 V
U10,87,PT17B,0,PCLKC0_1,NO_CONNECT,bidirectional,3.3 V
U10,88,PT17A,0,PCLKT0_1,NO_CONNECT,bidirectional,3.3 V
U10,89,NC,-,-,NO_CONNECT,no_connect,3.3 V
U10,90,PT16D,0,TMS,FPGA_TMS,input,3.3 V
U10,91,PT16C,0,TCK,FPGA_TCK,input,3.3 V
U10,92,GND,-,-,GND,power_in,3.3 V
U10,93,VCCIO0,0,-,+3V3_LOGIC,power_in,3.3 V
U10,94,PT12D,0,TDI,FPGA_TDI,input,3.3 V
U10,95,PT12C,0,TDO,FPGA_TDO,output,3.3 V
U10,96,PT11B,0,-,BIOS_RECOVERYn,input,3.3 V
U10,97,PT11A,0,-,FPGA_READY,output,3.3 V
U10,98,PT9B,0,-,NO_CONNECT,bidirectional,3.3 V
U10,99,PT9A,0,-,NO_CONNECT,bidirectional,3.3 V
U10,100,VCC,-,-,+3V3_LOGIC,power_in,3.3 V
