# Revision 1.2 Feb-2014 Added the 49WLCSP package,,,,,,,,,,,,,
# Revision 1.1 Mar-2012,,,,,,,,,,,,,
,,,,,,,,,,,,,
PAD,Pin/Ball Function,Bank,Dual Function,Differential,High Speed,DQS,I/O Grouping,FTBGA256,CABGA256,TQFP144,CSBGA132,TQFP100,WLCSP49
1,NC,-,-,-,-,-,+,-,-,-,-,-,-
2,PL1A,5,L_GPLLT_FB,True_OF_PL1B,-,-,+,D3,D3,1,B1,-,-
3,GND,-,-,-,-,-,-,-,-,-,-,-,-
4,PL1B,5,L_GPLLC_FB,Comp_OF_PL1A,-,-,-,D1,D1,2,B2,-,-
5,PL1C,5,-,True_OF_PL1D,-,-,-,B1,B1,-,-,-,-
6,VCCIO5,5,-,-,-,-,-,-,-,-,-,-,-
7,PL1D,5,-,Comp_OF_PL1C,-,-,-,C2,C2,-,-,-,-
8,PL2A,5,L_GPLLT_IN,True_OF_PL2B,-,-,-,E2,E2,3,C1,1,A7
9,GND,-,-,-,-,-,+,-,-,-,-,-,-
10,PL2B,5,L_GPLLC_IN,Comp_OF_PL2A,-,-,+,E3,E3,4,C3,2,B6
11,PL2C,5,-,True_OF_PL2D,-,-,+,C1,C1,-,-,-,-
12,VCC,-,-,-,-,-,+,-,-,-,-,-,-
13,PL2D,5,-,Comp_OF_PL2C,-,-,+,D2,D2,-,-,-,-
14,PL3A,5,PCLKT5_0,True_OF_PL3B,-,-,+,E1,E1,5,C2,3,C7
15,VCCIO5,5,-,-,-,-,+,-,-,7,D3,5,-
16,PL3B,5,PCLKC5_0,Comp_OF_PL3A,-,-,+,F2,F2,6,D1,4,C6
17,PL3C,5,-,True_OF_PL3D,-,-,+,F4,F4,-,-,-,-
18,GND,-,-,-,-,-,-,-,-,8,D2,6,-
19,PL3D,5,-,Comp_OF_PL3C,-,-,-,G6,G6,-,-,-,-
20,PL4A,5,-,True_OF_PL4B,-,-,-,F3,F3,9,E1,7,-
21,NC,-,-,-,-,-,-,-,-,-,-,-,-
22,PL4B,5,-,Comp_OF_PL4A,-,-,-,F1,F1,10,E2,8,-
23,PL4C,5,-,True_OF_PL4D,-,-,-,G5,G5,-,-,-,-
24,VCCIO5,5,-,-,-,-,-,-,-,-,-,-,-
25,PL4D,5,-,Comp_OF_PL4C,-,-,-,G4,G4,-,-,-,-
26,PL5A,5,-,True_OF_PL5B,-,-,-,G2,G2,11,E3,9,E6
27,NC,-,-,-,-,-,-,-,-,-,-,-,-
28,PL5B,5,-,Comp_OF_PL5A,-,-,-,G3,G3,12,F2,10,E5
29,PL5C,5,-,True_OF_PL5D,-,-,-,F5,F5,-,-,-,-
30,GND,-,-,-,-,-,+,-,-,-,-,-,-
31,PL5D,5,-,Comp_OF_PL5C,-,-,+,H6,H6,-,-,-,-
32,PL6A,4,-,True_OF_PL6B,-,-,-,G1,G1,13,F1,-,-
33,VCC,-,-,-,-,-,-,-,-,-,-,-,-
34,PL6B,4,-,Comp_OF_PL6A,-,-,-,H2,H2,14,F3,-,-
35,PL6C,4,-,True_OF_PL6D,-,-,-,H4,H4,-,-,-,-
36,NC,-,-,-,-,-,-,-,-,-,-,-,-
37,PL7A,4,-,True_OF_PL7B,-,-,-,H3,H3,15,-,-,-
38,PL6D,4,-,Comp_OF_PL6C,-,-,-,J6,J6,-,-,-,-
39,VCCIO4,4,-,-,-,-,-,-,-,16,G1,11,-
40,PL7B,4,-,Comp_OF_PL7A,-,-,-,H1,H1,17,-,-,-
41,NC,-,-,-,-,-,-,-,-,-,-,-,-
42,GND,-,-,-,-,-,+,-,-,18,G2,-,-
43,PL7C,4,PCLKT4_0,True_OF_PL7D,-,-,+,J1,J1,19,G3,12,-
44,NC,-,-,-,-,-,+,-,-,-,-,-,-
45,PL7D,4,PCLKC4_0,Comp_OF_PL7C,-,-,+,J3,J3,20,H2,13,-
46,PL9A,4,-,True_OF_PL9B,-,-,+,J2,J2,21,H1,14,-
47,VCC,-,-,-,-,-,+,-,-,-,-,-,-
48,PL9C,4,-,True_OF_PL9D,-,-,+,H5,H5,-,-,-,-
49,PL9B,4,-,Comp_OF_PL9A,-,-,+,K1,K1,22,H3,15,-
50,GND,-,-,-,-,-,-,-,-,-,-,-,-
51,PL9D,4,-,Comp_OF_PL9C,-,-,-,J4,J4,-,-,-,-
52,PL10A,4,-,True_OF_PL10B,-,-,-,K3,K3,23,J1,16,-
53,VCCIO4,4,-,-,-,-,-,-,-,-,-,-,-
54,PL10B,4,-,Comp_OF_PL10A,-,-,-,K2,K2,24,J2,17,-
55,PL10C,4,-,True_OF_PL10D,-,-,-,J5,J5,-,-,-,-
56,GND,-,-,-,-,-,+,-,-,-,-,-,-
57,PL10D,4,-,Comp_OF_PL10C,-,-,+,K6,K6,-,-,-,-
58,PL11A,3,-,True_OF_PL11B,-,-,-,L1,L1,25,J3,18,-
59,GND,-,-,-,-,-,+,-,-,-,-,-,-
60,PL11B,3,-,Comp_OF_PL11A,-,-,+,L3,L3,26,K2,19,-
61,PL11C,3,-,True_OF_PL11D,-,-,+,K4,K4,-,-,-,-
62,VCCIO3,3,-,-,-,-,+,-,-,-,-,-,-
63,PL11D,3,-,Comp_OF_PL11C,-,-,+,L5,L5,-,-,-,-
64,PL12A,3,PCLKT3_0,True_OF_PL12B,-,-,+,L2,L2,27,K1,20,-
65,VCC,-,-,-,-,-,+,-,-,-,-,-,-
66,PL12B,3,PCLKC3_0,Comp_OF_PL12A,-,-,+,M1,M1,28,K3,21,-
67,PL12C,3,-,True_OF_PL12D,-,-,+,K5,K5,-,-,-,-
68,VCC,-,-,-,-,-,+,-,-,-,-,-,-
69,PL12D,3,-,Comp_OF_PL12C,-,-,+,L4,L4,-,-,-,-
70,PL13A,3,-,True_OF_PL13B,-,-,+,M3,M3,32,-,-,-
71,GND,-,-,-,-,-,-,-,-,29,L2,22,-
72,PL13B,3,-,Comp_OF_PL13A,-,-,-,N1,N1,33,L3,-,-
73,PL13C,3,-,True_OF_PL13D,-,-,-,N2,N2,-,-,-,-
74,VCCIO3,3,-,-,-,-,-,-,-,30,L1,23,-
75,PL13D,3,-,Comp_OF_PL13C,-,-,-,P1,P1,-,-,-,-
76,PL14A,3,-,True_OF_PL14B,-,-,-,M2,M2,34,M1,24,-
77,VCCIO3,3,-,-,-,-,-,-,-,-,-,-,-
78,PL14B,3,-,Comp_OF_PL14A,-,-,-,N3,N3,35,M2,25,-
79,PL14C,3,-,True_OF_PL14D,-,-,-,R1,R1,-,-,-,-
80,GND,-,-,-,-,-,+,-,-,-,-,-,-
81,PL14D,3,-,Comp_OF_PL14C,-,-,+,P2,P2,-,-,-,-
82,NC,-,-,-,-,-,+,-,-,-,-,-,-
83,VCC,-,-,-,-,-,+,-,-,36,N1,-,-
84,VCCIO2,2,-,-,-,-,-,-,-,37,P1,26,-
85,PB3A,2,-,True_OF_PB3B,-,-,-,P4,P4,38,P2,-,E7
86,GND,-,-,-,-,-,+,-,-,-,-,-,-
87,PB3B,2,-,Comp_OF_PB3A,-,-,+,T4,T4,39,N2,-,F7
88,PB3C,2,-,True_OF_PB3D,-,-,+,T2,T2,-,-,-,-
89,VCCIO2,2,-,-,-,-,+,-,-,-,-,-,-
90,PB3D,2,-,Comp_OF_PB3C,-,-,+,R3,R3,-,-,-,-
91,NC,-,-,-,-,-,+,-,-,-,-,-,-
92,PB5A,2,CSSPIN,True_OF_PB5B,-,-,+,R5,R5,40,P3,27,G7
93,VCCIO2,2,-,-,-,-,+,-,-,-,-,-,-
94,PB5B,2,-,Comp_OF_PB5A,-,-,+,P5,P5,41,M3,28,-
95,PB5C,2,-,True_OF_PB5D,-,-,+,-,-,-,-,-,-
96,GND,-,-,-,-,-,-,-,-,-,-,-,-
97,PB5D,2,-,Comp_OF_PB5C,-,-,-,-,-,-,-,-,-
98,PB6A,2,-,True_OF_PB6B,-,-,-,T5,T5,42,N3,29,-
99,VCC,-,-,-,-,-,-,-,-,-,-,-,-
100,PB6B,2,-,Comp_OF_PB6A,-,-,-,R6,R6,43,P4,30,-
101,PB6C,2,-,True_OF_PB6D,-,-,-,T3,T3,-,-,-,-
102,VCC,-,-,-,-,-,-,-,-,-,-,-,-
103,PB6D,2,-,Comp_OF_PB6C,-,-,-,R4,R4,-,-,-,-
104,NC,-,-,-,-,-,-,-,-,-,-,-,-
105,PB8A,2,MCLK/CCLK,True_OF_PB8B,-,-,-,P6,P6,44,M4,31,F6
106,VCCIO2,2,-,-,-,-,-,-,-,-,-,-,-
107,PB8B,2,SO/SPISO,Comp_OF_PB8A,-,-,-,T6,T6,45,N4,32,F5
108,PB8C,2,-,True_OF_PB8D,-,-,-,N6,N6,-,-,-,-
109,NC,-,-,-,-,-,-,-,-,-,-,-,-
110,GND,-,-,-,-,-,+,-,-,46,P5,33,-
111,PB8D,2,-,Comp_OF_PB8C,-,-,+,L7,L7,-,-,-,-
112,PB9A,2,-,True_OF_PB9B,-,-,+,R7,R7,47,N5,-,-
113,GND,-,-,-,-,-,-,-,-,-,-,-,-
114,PB9B,2,-,Comp_OF_PB9A,-,-,-,P7,P7,48,M5,-,-
115,PB9C,2,-,True_OF_PB9D,-,-,-,M7,M7,-,-,-,-
116,GND,-,-,-,-,-,+,-,-,-,-,-,-
117,PB9D,2,-,Comp_OF_PB9C,-,-,+,N7,N7,-,-,-,-
118,NC,-,-,-,-,-,+,-,-,-,-,-,-
119,PB11A,2,PCLKT2_0,True_OF_PB11B,-,-,+,T7,T7,49,N6,34,E4
120,VCCIO2,2,-,-,-,-,+,-,-,-,-,-,-
121,PB11B,2,PCLKC2_0,Comp_OF_PB11A,-,-,+,R8,R8,50,P6,35,E3
122,PB11C,2,-,True_OF_PB11D,-,-,+,M6,M6,-,-,-,-
123,VCCIO2,2,-,-,-,-,+,-,-,51,M6,-,-
124,PB11D,2,-,Comp_OF_PB11C,-,-,+,L8,L8,-,-,-,-
125,PB12A,2,-,True_OF_PB12B,-,-,+,P8,P8,52,P7,36,F4
126,GND,-,-,-,-,-,-,-,-,53,-,-,-
127,PB12B,2,-,Comp_OF_PB12A,-,-,-,T8,T8,54,N7,37,F3
128,PB12C,2,-,True_OF_PB12D,-,-,-,N8,N8,-,-,-,-
129,NC,-,-,-,-,-,-,-,-,-,-,-,-
130,VCC,-,-,-,-,-,-,-,-,-,-,-,-
131,PB12D,2,-,Comp_OF_PB12C,-,-,-,L9,L9,-,-,-,-
132,PB16A,2,PCLKT2_1,True_OF_PB16B,-,-,-,T9,T9,55,M7,38,G4
133,VCC,-,-,-,-,-,-,-,-,-,-,-,-
134,NC,-,-,-,-,-,-,-,-,-,-,-,-
135,PB16B,2,PCLKC2_1,Comp_OF_PB16A,-,-,-,P9,P9,56,N8,39,G3
136,PB16C,2,-,True_OF_PB16D,-,-,-,M8,M8,-,-,-,-
137,GND,-,-,-,-,-,+,-,-,-,-,-,-
138,PB16D,2,-,Comp_OF_PB16C,-,-,+,N9,N9,-,-,-,-
139,PB18A,2,-,True_OF_PB18B,-,-,+,R9,R9,57,P8,40,-
140,NC,-,-,-,-,-,+,-,-,-,-,-,-
141,GND,-,-,-,-,-,-,-,-,-,-,-,-
142,PB18B,2,-,Comp_OF_PB18A,-,-,-,T10,T10,58,M8,41,-
143,PB18C,2,-,True_OF_PB18D,-,-,-,M9,M9,-,-,-,-
144,VCCIO2,2,-,-,-,-,-,-,-,-,-,-,-
145,PB18D,2,-,Comp_OF_PB18C,-,-,-,L10,L10,-,-,-,-
146,PB19A,2,-,True_OF_PB19B,-,-,-,P10,P10,59,P9,-,-
147,NC,-,-,-,-,-,-,-,-,-,-,-,-
148,VCCIO2,2,-,-,-,-,-,-,-,-,-,-,-
149,PB19B,2,-,Comp_OF_PB19A,-,-,-,R10,R10,60,N9,-,-
150,PB19C,2,-,True_OF_PB19D,-,-,-,N10,N10,-,-,-,-
151,GND,-,-,-,-,-,+,-,-,-,-,-,-
152,PB19D,2,-,Comp_OF_PB19C,-,-,+,M11,M11,-,-,-,-
153,PB21A,2,-,True_OF_PB21B,-,-,+,T11,T11,61,M9,42,-
154,VCC,-,-,-,-,-,+,-,-,-,-,-,-
155,PB21B,2,-,Comp_OF_PB21A,-,-,+,P11,P11,62,N10,43,-
156,PB21C,2,-,True_OF_PB21D,-,-,+,M10,M10,-,-,-,-
157,GND,-,-,-,-,-,-,-,-,-,-,-,-
158,PB21D,2,-,Comp_OF_PB21C,-,-,-,N11,N11,-,-,-,-
159,PB22A,2,-,True_OF_PB22B,-,-,-,R11,R11,65,M10,45,-
160,GND,-,-,-,-,-,+,-,-,64,P10,44,-
161,NC,-,-,-,-,-,+,-,-,-,-,-,-
162,PB22B,2,-,Comp_OF_PB22A,-,-,+,T12,T12,67,P11,47,-
163,PB22C,2,-,True_OF_PB22D,-,-,+,R13,R13,-,-,-,-
164,VCCIO2,2,-,-,-,-,+,-,-,66,N11,46,-
165,PB22D,2,-,Comp_OF_PB22C,-,-,+,T14,T14,-,-,-,-
166,PB24A,2,-,True_OF_PB24B,-,-,+,P12,P12,68,M11,-,-
167,VCC,-,-,-,-,-,+,-,-,-,-,-,-
168,PB24B,2,-,Comp_OF_PB24A,-,-,+,T13,T13,69,P12,-,-
169,PB24C,2,-,True_OF_PB24D,-,-,+,-,-,-,-,-,-
170,GND,-,-,-,-,-,-,-,-,-,-,-,-
171,PB24D,2,-,Comp_OF_PB24C,-,-,-,-,-,-,-,-,-
172,NC,-,-,-,-,-,-,-,-,-,-,-,-
173,PB25A,2,SN,True_OF_PB25B,-,-,-,R12,R12,70,N12,48,G2
174,VCCIO2,2,-,-,-,-,-,-,-,-,-,-,-
175,PB25B,2,SI/SISPI,Comp_OF_PB25A,-,-,-,P13,P13,71,P13,49,G1
176,PB25C,2,-,True_OF_PB25D,-,-,-,T15,T15,-,-,-,-
177,NC,-,-,-,-,-,-,-,-,-,-,-,-
178,GND,-,-,-,-,-,+,-,-,-,-,-,-
179,PB25D,2,-,Comp_OF_PB25C,-,-,+,R14,R14,-,-,-,-
180,VCC,-,-,-,-,-,+,-,-,72,P14,50,-
181,PR14D,1,-,Comp_OF_PR14C,-,-,-,R16,R16,-,-,-,-
182,GND,-,-,-,-,-,+,-,-,-,-,-,-
183,PR14B,1,-,Comp_OF_PR14A,-,DQ1,+,N14,N14,73,N14,51,-
184,PR14C,1,-,True_OF_PR14D,-,-,+,P15,P15,-,-,-,-
185,VCCIO1,1,-,-,-,-,+,-,-,-,-,-,-
186,PR14A,1,-,True_OF_PR14B,-,DQ1,+,N16,N16,74,N13,52,-
187,PR13D,1,-,Comp_OF_PR13C,-,-,+,P16,P16,-,-,-,-
188,GND,-,-,-,-,-,-,-,-,-,-,-,-
189,PR13B,1,-,Comp_OF_PR13A,-,DQ1,-,M15,M15,75,M14,-,-
190,PR13C,1,-,True_OF_PR13D,-,-,-,N15,N15,-,-,-,-
191,VCC,-,-,-,-,-,-,-,-,-,-,-,-
192,PR13A,1,-,True_OF_PR13B,-,DQ1,-,M14,M14,76,M12,-,-
193,PR12D,1,-,Comp_OF_PR12C,-,-,-,L13,L13,-,-,-,-
194,VCCIO1,1,-,-,-,-,-,-,-,79,L12,55,-
195,PR12B,1,-,Comp_OF_PR12A,-,DQ1,-,M16,M16,77,M13,53,-
196,PR12C,1,-,True_OF_PR12D,-,-,-,K11,K11,-,-,-,-
197,GND,-,-,-,-,-,+,-,-,80,L13,56,-
198,PR12A,1,-,True_OF_PR12B,-,DQ1,+,L15,L15,78,L14,54,-
199,PR11D,1,-,Comp_OF_PR11C,-,DQ1,+,K12,K12,-,-,-,-
200,GND,-,-,-,-,-,-,-,-,-,-,-,-
201,PR11B,1,-,Comp_OF_PR11A,-,DQ1,-,L14,L14,81,K14,57,-
202,PR11C,1,-,True_OF_PR11D,-,DQ1,-,K13,K13,-,-,-,-
203,VCCIO1,1,-,-,-,-,-,-,-,-,-,-,-
204,PR11A,1,-,True_OF_PR11B,-,DQ1,-,L16,L16,82,K13,58,-
205,PR10D,1,-,Comp_OF_PR10C,-,-,-,L12,L12,-,-,-,-
206,GND,-,-,-,-,-,+,-,-,-,-,-,-
207,PR10B,1,-,Comp_OF_PR10A,-,DQ1,+,K15,K15,83,K12,59,-
208,PR10C,1,-,True_OF_PR10D,-,-,+,J11,J11,-,-,-,-
209,GND,-,-,-,-,-,-,-,-,-,-,-,-
210,PR10A,1,-,True_OF_PR10B,-,DQ1,-,K14,K14,84,J13,60,-
211,PR9D,1,-,Comp_OF_PR9C,-,-,-,J13,J13,-,-,-,-
212,VCC,-,-,-,-,-,-,-,-,-,-,-,-
213,PR9B,1,-,Comp_OF_PR9A,-,DQS1N,-,K16,K16,85,J14,-,-
214,PR9C,1,-,True_OF_PR9D,-,-,-,H11,H11,-,-,-,-
215,NC,-,-,-,-,-,-,-,-,-,-,-,-
216,PR9A,1,-,True_OF_PR9B,-,DQS1,-,J15,J15,86,J12,61,-
217,PR7D,1,-,Comp_OF_PR7C,-,-,-,J14,J14,87,-,-,-
218,VCCIO1,1,-,-,-,-,-,-,-,88,H14,-,-
219,NC,-,-,-,-,-,-,-,-,-,-,-,-
220,PR7C,1,-,True_OF_PR7D,-,-,-,J16,J16,89,-,-,-
221,GND,-,-,-,-,-,+,-,-,90,H13,-,-
222,PR7B,1,PCLKC1_0,Comp_OF_PR7A,-,DQ0,+,H16,H16,91,H12,62,-
223,NC,-,-,-,-,-,+,-,-,-,-,-,-
224,PR6D,1,-,Comp_OF_PR6C,-,-,+,J12,J12,-,-,-,-
225,PR7A,1,PCLKT1_0,True_OF_PR7B,-,DQ0,+,H14,H14,92,G13,63,-
226,VCC,-,-,-,-,-,+,-,-,-,-,-,-
227,PR6C,1,-,True_OF_PR6D,-,-,+,H13,H13,-,-,-,-
228,PR6B,1,-,Comp_OF_PR6A,-,DQS0N,+,H15,H15,93,G14,64,-
229,GND,-,-,-,-,-,-,-,-,-,-,-,-
230,PR6A,1,-,True_OF_PR6B,-,DQS0,-,G16,G16,94,G12,65,-
231,PR5D,1,-,Comp_OF_PR5C,-,-,-,H12,H12,-,-,-,-
232,VCCIO1,1,-,-,-,-,-,-,-,-,-,-,-
233,PR5B,1,-,Comp_OF_PR5A,-,DQ0,-,G14,G14,95,F14,66,-
234,PR5C,1,-,True_OF_PR5D,-,-,-,G11,G11,-,-,-,-
235,GND,-,-,-,-,-,+,-,-,-,-,-,-
236,PR5A,1,-,True_OF_PR5B,-,DQ0,+,G15,G15,96,F13,67,-
237,PR4D,1,-,Comp_OF_PR4C,-,-,+,G13,G13,-,-,-,-
238,GND,-,-,-,-,-,-,-,-,-,-,-,-
239,PR4B,1,-,Comp_OF_PR4A,-,DQ0,-,F16,F16,97,F12,68,-
240,PR4C,1,-,True_OF_PR4D,-,-,-,F12,F12,-,-,-,-
241,VCCIO1,1,-,-,-,-,-,-,-,-,-,-,-
242,PR4A,1,-,True_OF_PR4B,-,DQ0,-,F14,F14,98,E13,69,-
243,PR3D,1,-,Comp_OF_PR3C,-,-,-,G12,G12,-,-,-,-
244,VCC,-,-,-,-,-,-,-,-,-,-,-,-
245,PR3B,1,-,Comp_OF_PR3A,-,DQ0,-,F15,F15,99,E14,70,-
246,PR3C,1,-,True_OF_PR3D,-,-,-,F13,F13,-,-,-,-
247,VCC,-,-,-,-,-,-,-,-,-,-,-,-
248,PR3A,1,-,True_OF_PR3B,-,DQ0,-,E16,E16,100,E12,71,-
249,PR2D,1,-,Comp_OF_PR2C,-,-,-,D15,D15,-,-,-,-
250,GND,-,-,-,-,-,+,-,-,101,D13,72,-
251,PR2B,1,-,Comp_OF_PR2A,-,DQ0,+,E14,E14,104,D12,-,-
252,PR2C,1,-,True_OF_PR2D,-,-,+,C16,C16,-,-,-,-
253,VCCIO1,1,-,-,-,-,+,-,-,102,D14,73,-
254,PR2A,1,-,True_OF_PR2B,-,DQ0,+,D16,D16,105,C14,-,-
255,PR1D,1,-,Comp_OF_PR1C,-,-,+,B16,B16,-,-,-,-
256,VCCIO1,1,-,-,-,-,+,-,-,-,-,-,-
257,PR1B,1,-,Comp_OF_PR1A,-,DQ0,+,E15,E15,106,C13,74,-
258,PR1C,1,-,True_OF_PR1D,-,-,+,C15,C15,-,-,-,-
259,GND,-,-,-,-,-,-,-,-,-,-,-,-
260,PR1A,1,-,True_OF_PR1B,-,DQ0,-,D14,D14,107,B14,75,-
261,NC,-,-,-,-,-,-,-,-,-,-,-,-
262,VCC,-,-,-,-,-,-,-,-,108,A14,-,-
263,PT24B,0,-,Comp_OF_PT24A,TRUE,-,+,A15,A15,-,-,-,D2
264,GND,-,-,-,-,-,-,-,-,-,-,-,-
265,NC,-,-,-,-,-,-,-,-,-,-,-,-
266,PT24D,0,DONE,Comp_OF_PT24C,-,-,-,C13,C13,109,A13,76,A1
267,PT24A,0,-,True_OF_PT24B,TRUE,-,-,B14,B14,-,-,-,C1
268,VCCIO0,0,-,-,-,-,-,-,-,-,-,-,-
269,PT24C,0,INITN,True_OF_PT24D,-,-,-,A13,A13,110,B13,77,B1
270,PT23D,0,-,Comp_OF_PT23C,-,-,-,-,-,-,-,-,-
271,VCCIO0,0,-,-,-,-,-,-,-,-,-,-,-
272,NC,-,-,-,-,-,-,-,-,-,-,-,-
273,PT23B,0,-,Comp_OF_PT23A,TRUE,-,-,B12,B12,111,A12,-,C2
274,PT23C,0,-,True_OF_PT23D,-,-,-,-,-,-,-,-,-
275,GND,-,-,-,-,-,+,-,-,-,-,-,-
276,PT23A,0,-,True_OF_PT23B,TRUE,-,+,C12,C12,112,C12,-,E2
277,NC,-,-,-,-,-,+,-,-,-,-,-,-
278,PT22D,0,-,Comp_OF_PT22C,-,-,+,A14,A14,-,-,-,-
279,VCC,-,-,-,-,-,+,-,-,-,-,-,-
280,PT22B,0,-,Comp_OF_PT22A,TRUE,-,+,A12,A12,113,B12,-,-
281,PT22C,0,-,True_OF_PT22D,-,-,+,B13,B13,-,-,-,-
282,NC,-,-,-,-,-,+,-,-,-,-,-,-
283,GND,-,-,-,-,-,-,-,-,-,-,-,-
284,PT22A,0,-,True_OF_PT22B,TRUE,-,-,B11,B11,114,A11,78,-
285,PT21D,0,-,Comp_OF_PT21C,-,-,-,D11,D11,-,-,-,-
286,GND,-,-,-,-,-,+,-,-,116,B11,79,-
287,PT21B,0,-,Comp_OF_PT21A,TRUE,-,+,C11,C11,115,C11,-,-
288,PT21C,0,-,True_OF_PT21D,-,-,+,F10,F10,-,-,-,-
289,NC,-,-,-,-,-,+,-,-,-,-,-,-
290,VCCIO0,0,-,-,-,-,+,-,-,118,B10,80,-
291,PT21A,0,-,True_OF_PT21B,TRUE,-,+,A11,A11,117,A10,-,-
292,PT20B,0,-,Comp_OF_PT20A,TRUE,-,+,E10,E10,-,-,-,B2
293,GND,-,-,-,-,-,-,-,-,-,-,-,-
294,NC,-,-,-,-,-,-,-,-,-,-,-,-
295,PT20D,0,PROGRAMN,Comp_OF_PT20C,-,-,-,B10,B10,119,C10,81,F1
296,PT20A,0,-,True_OF_PT20B,TRUE,-,-,D10,D10,-,-,-,A3
297,GND,-,-,-,-,-,+,-,-,-,-,-,-
298,NC,-,-,-,-,-,+,-,-,-,-,-,-
299,PT20C,0,JTAGENB,True_OF_PT20D,-,-,+,C10,C10,120,B9,82,F2
300,PT19D,0,-,Comp_OF_PT19C,-,-,+,E11,E11,-,-,-,-
301,VCCIO0,0,-,-,-,-,+,-,-,-,-,-,-
302,NC,-,-,-,-,-,+,-,-,-,-,-,-
303,PT19B,0,-,Comp_OF_PT19A,TRUE,-,+,A10,A10,121,A9,83,-
304,PT19C,0,-,True_OF_PT19D,-,-,+,F9,F9,-,-,-,-
305,VCCIO0,0,-,-,-,-,+,-,-,123,A8,-,-
306,PT19A,0,-,True_OF_PT19B,TRUE,-,+,B9,B9,122,C9,84,-
307,PT18B,0,-,Comp_OF_PT18A,TRUE,-,+,D9,D9,-,-,-,-
308,GND,-,-,-,-,-,-,-,-,124,-,-,-
309,NC,-,-,-,-,-,-,-,-,-,-,-,-
310,PT18D,0,SDA/PCLKC0_0,Comp_OF_PT18C,-,-,-,C9,C9,125,B8,85,C3
311,PT18A,0,-,True_OF_PT18B,TRUE,-,-,F8,F8,-,-,-,-
312,VCC,-,-,-,-,-,-,-,-,-,-,-,-
313,PT18C,0,SCL/PCLKT0_0,True_OF_PT18D,-,-,-,A9,A9,126,C8,86,B3
314,NC,-,-,-,-,-,-,-,-,-,-,-,-
315,PT17D,0,-,Comp_OF_PT17C,-,-,-,E9,E9,-,-,-,-
316,NC,-,-,-,-,-,-,-,-,-,-,-,-
317,VCC,-,-,-,-,-,-,-,-,-,-,-,-
318,PT17B,0,PCLKC0_1,Comp_OF_PT17A,TRUE,-,-,A8,A8,127,B7,87,D3
319,PT17C,0,-,True_OF_PT17D,-,-,-,D8,D8,-,-,-,-
320,GND,-,-,-,-,-,+,-,-,-,-,-,-
321,NC,-,-,-,-,-,+,-,-,-,-,-,-
322,PT17A,0,PCLKT0_1,True_OF_PT17B,TRUE,-,+,C8,C8,128,A7,88,C4
323,PT16B,0,-,Comp_OF_PT16A,TRUE,-,+,E8,E8,-,-,-,-
324,VCCP,-,-,-,-,-,+,-,-,-,-,-,-
325,NC,-,-,-,-,-,+,-,-,-,-,-,-
326,PT16D,0,TMS,Comp_OF_PT16C,-,-,+,B8,B8,130,A6,90,B5
327,PT16A,0,-,True_OF_PT16B,TRUE,-,+,F7,F7,-,-,-,-
328,VCCIO0,0,-,-,-,-,+,-,-,-,-,-,-
329,PT16C,0,TCK,True_OF_PT16D,-,-,+,A7,A7,131,B6,91,B4
330,NC,-,-,-,-,-,+,-,-,-,-,-,-
331,PT13D,0,-,Comp_OF_PT13C,-,-,+,D7,D7,-,-,-,-
332,VCCIO0,0,-,-,-,-,+,-,-,-,-,-,-
333,NC,-,-,-,-,-,+,-,-,-,-,-,-
334,PT13B,0,-,Comp_OF_PT13A,TRUE,-,+,C7,C7,132,C6,-,-
335,PT13C,0,-,True_OF_PT13D,-,-,+,E6,E6,-,-,-,-
336,GND,-,-,-,-,-,-,-,-,-,-,-,-
337,PT13A,0,-,True_OF_PT13B,TRUE,-,-,B7,B7,133,B5,-,-
338,PT12B,0,-,Comp_OF_PT12A,TRUE,-,-,E7,E7,-,-,-,-
339,GND,-,-,-,-,-,+,-,-,134,A5,92,-
340,NC,-,-,-,-,-,+,-,-,-,-,-,-
341,PT12D,0,TDI,Comp_OF_PT12C,-,-,+,A6,A6,136,B4,94,C5
342,PT12A,0,-,True_OF_PT12B,TRUE,-,+,D6,D6,-,-,-,-
343,VCCIO0,0,-,-,-,-,+,-,-,135,C5,93,-
344,PT12C,0,TDO,True_OF_PT12D,-,-,+,C6,C6,137,A4,95,A6
345,NC,-,-,-,-,-,+,-,-,-,-,-,-
346,PT11D,0,-,Comp_OF_PT11C,-,-,+,B4,B4,-,-,-,-
347,VCCIO0,0,-,-,-,-,+,-,-,-,-,-,-
348,NC,-,-,-,-,-,+,-,-,-,-,-,-
349,PT11B,0,-,Comp_OF_PT11A,TRUE,-,+,B6,B6,138,C4,96,-
350,PT11C,0,-,True_OF_PT11D,-,-,+,A3,A3,-,-,-,-
351,VCC,-,-,-,-,-,+,-,-,-,-,-,-
352,PT11A,0,-,True_OF_PT11B,TRUE,-,+,A5,A5,139,A3,97,-
353,NC,-,-,-,-,-,+,-,-,-,-,-,-
354,PT10D,0,-,Comp_OF_PT10C,-,-,+,-,-,-,-,-,-
355,GND,-,-,-,-,-,-,-,-,-,-,-,-
356,PT10B,0,-,Comp_OF_PT10A,TRUE,-,-,C5,C5,140,-,-,D4
357,PT10C,0,-,True_OF_PT10D,-,-,-,-,-,-,-,-,-
358,NC,-,-,-,-,-,-,-,-,-,-,-,-
359,VCCP,-,-,-,-,-,-,-,-,-,-,-,-
360,PT10A,0,-,True_OF_PT10B,TRUE,-,-,A4,A4,141,-,-,D5
361,PT9D,0,-,Comp_OF_PT9C,-,-,-,-,-,-,-,-,-
362,VCCIO0,0,-,-,-,-,-,-,-,-,-,-,-
363,NC,-,-,-,-,-,-,-,-,-,-,-,-
364,PT9B,0,-,Comp_OF_PT9A,TRUE,-,-,B5,B5,142,B3,98,-
365,PT9C,0,-,True_OF_PT9D,-,-,-,B3,B3,-,-,-,-
366,GND,-,-,-,-,-,+,-,-,-,-,-,-
367,PT9A,0,-,True_OF_PT9B,TRUE,-,+,C4,C4,143,A2,99,-
368,NC,-,-,-,-,-,+,-,-,-,-,-,-
369,VCC,-,-,-,-,-,+,-,-,144,A1,100,-
0,GND,-,-,-,-,-,-,-,-,-,-,-,A4
0,GND,-,-,-,-,-,-,-,-,-,-,-,D6
0,GND,-,-,-,-,-,-,B2,B2,-,-,-,E1
0,GND,-,-,-,-,-,-,B15,B15,-,-,-,G5
0,GND,-,-,-,-,-,-,C3,C3,-,-,-,-
0,GND,-,-,-,-,-,-,C14,C14,-,-,-,-
0,GND,-,-,-,-,-,-,D4,D4,-,-,-,-
0,GND,-,-,-,-,-,-,D13,D13,-,-,-,-
0,GND,-,-,-,-,-,-,E5,E5,-,-,-,-
0,GND,-,-,-,-,-,-,E12,E12,-,-,-,-
0,GND,-,-,-,-,-,-,F6,F6,-,-,-,-
0,GND,-,-,-,-,-,-,F11,F11,-,-,-,-
0,GND,-,-,-,-,-,-,H8,H8,-,-,-,-
0,GND,-,-,-,-,-,-,H9,H9,-,-,-,-
0,GND,-,-,-,-,-,-,J8,J8,-,-,-,-
0,GND,-,-,-,-,-,-,J9,J9,-,-,-,-
0,GND,-,-,-,-,-,-,L6,L6,-,-,-,-
0,GND,-,-,-,-,-,-,L11,L11,-,-,-,-
0,GND,-,-,-,-,-,-,M5,M5,-,-,-,-
0,GND,-,-,-,-,-,-,M12,M12,-,-,-,-
0,GND,-,-,-,-,-,-,N4,N4,-,-,-,-
0,GND,-,-,-,-,-,-,N13,N13,-,-,-,-
0,GND,-,-,-,-,-,-,P3,P3,-,-,-,-
0,GND,-,-,-,-,-,-,P14,P14,-,-,-,-
0,GND,-,-,-,-,-,-,R2,R2,-,-,-,-
0,GND,-,-,-,-,-,-,R15,R15,-,-,-,-
0,GND,-,-,-,-,-,-,-,-,-,-,-,-
0,GND,-,-,-,-,-,-,-,-,-,-,-,-
0,VCC,-,-,-,-,-,-,A1,A1,-,-,-,D7
0,VCC,-,-,-,-,-,-,A16,A16,-,-,-,D1
0,VCC,-,-,-,-,-,-,T1,T1,-,-,-,-
0,VCC,-,-,-,-,-,-,T16,T16,-,-,-,-
0,VCCIO0,0,-,-,-,-,-,D5,D5,-,-,-,A5
0,VCCIO3,3,-,-,-,-,-,M4,M4,-,-,-,-
0,VCCIO4,4,-,-,-,-,-,J7,J7,-,-,-,-
0,VCCIO4,4,-,-,-,-,-,H7,H7,-,-,-,-
0,VCCIO5,5,-,-,-,-,-,E4,E4,-,-,-,B7
0,VCCIO0,0,-,-,-,-,-,G8,G8,-,-,-,A2
0,VCCIO0,0,-,-,-,-,-,D12,D12,-,-,-,-
0,VCCIO0,0,-,-,-,-,-,G9,G9,-,-,-,-
0,VCCIO1,1,-,-,-,-,-,E13,E13,-,-,-,-
0,VCCIO1,1,-,-,-,-,-,H10,H10,-,-,-,-
0,VCCIO1,1,-,-,-,-,-,J10,J10,-,-,-,-
0,VCCIO1,1,-,-,-,-,-,M13,M13,-,-,-,-
0,VCCIO2,2,-,-,-,-,-,K9,K9,-,-,-,G6
0,VCCIO2,2,-,-,-,-,-,N12,N12,-,-,-,-
0,VCCIO2,2,-,-,-,-,-,K8,K8,-,-,-,-
0,VCCIO2,2,-,-,-,-,-,N5,N5,-,-,-,-
0,NC,3,-,-,-,-,-,-,-,31,-,-,-
0,NC,2,-,-,-,-,-,-,-,63,-,-,-
0,NC,1,-,-,-,-,-,-,-,103,-,-,-
0,VCC,-,-,-,-,-,-,G7,G7,-,-,-,-
0,VCC,-,-,-,-,-,-,G10,G10,-,-,-,-
0,VCC,-,-,-,-,-,-,K7,K7,-,-,-,-
0,VCC,-,-,-,-,-,-,K10,K10,-,-,-,-
0,VCC,-,-,-,-,-,-,-,-,-,-,-,-
0,VCC,-,-,-,-,-,-,-,-,-,-,-,-
0,VCC,-,-,-,-,-,-,-,-,-,-,-,-
0,VCC,-,-,-,-,-,-,-,-,-,-,-,-
0,NC,-,-,-,-,-,-,A2,A2,129,C7,89,-
